identifier,title,programme,destination,workProgrammePart,typeOfAction,topicStatus,url,callIdentifier,callUrl,plannedOpeningDate,nextDeadline,allDeadlines,daysToDeadline,totalBudget,projectBudgetMin,projectBudgetMax,fundingRate,eligibleCountries,consortiumSummary,trl,summaryShort,priorityScore,urgencyScore,keywordScore,generatedAt,rawRef
"HORIZON-EUSPA-2026-SPACE-02-51","Space Data Economy","43108390","","","","","https://ec.europa.eu/info/funding-tenders/opportunities/portal/screen/opportunities/topic-details/HORIZON-EUSPA-2026-SPACE-02-51","HORIZON-EUSPA-2026-SPACE","","","","","","","","","","","","","EU Funding & Tenders Portal","0","0","0","2025-10-04T05:25:57.084Z","HORIZON-EUSPA-2026-SPACE-02-51"
"HORIZON-EUSPA-2026-SPACE-02-52","Innovative space-based applications enhancing capabilities for a resilient Europe","43108390","","","","","https://ec.europa.eu/info/funding-tenders/opportunities/portal/screen/opportunities/topic-details/HORIZON-EUSPA-2026-SPACE-02-52","HORIZON-EUSPA-2026-SPACE","","","","","","","","","","","","","EU Funding & Tenders Portal","0","0","0","2025-10-04T05:25:57.084Z","HORIZON-EUSPA-2026-SPACE-02-52"
"HORIZON-MSCA-2025-COFUND-02-01","MSCA Choose Europe for Science 2025","43108390","","","","","https://ec.europa.eu/info/funding-tenders/opportunities/portal/screen/opportunities/topic-details/HORIZON-MSCA-2025-COFUND-02-01","HORIZON-MSCA-2025-COFUND-02","","","","","","","","","","","","","EU Funding & Tenders Portal","0","0","0","2025-10-04T05:25:57.084Z","HORIZON-MSCA-2025-COFUND-02-01"
"EUBA-EFSA-2025-BIOHAW-04-04-Lot4","Risk Assessment in Eastern Eu","45532249","","","","","https://ec.europa.eu/info/funding-tenders/opportunities/portal/screen/opportunities/topic-details/EUBA-EFSA-2025-BIOHAW-04-04-Lot4","EUBA-EFSA-2025-BIOHAW-04","","","","","","","","","","","","","EU Funding & Tenders Portal","0","0","0","2025-10-04T05:25:57.084Z","EUBA-EFSA-2025-BIOHAW-04-04-Lot4"
"EUBA-EFSA-2025-BIOHAW-04-02-Lot2","Risk Assessments in Southern Eu","45532249","","","","","https://ec.europa.eu/info/funding-tenders/opportunities/portal/screen/opportunities/topic-details/EUBA-EFSA-2025-BIOHAW-04-02-Lot2","EUBA-EFSA-2025-BIOHAW-04","","","","","","","","","","","","","EU Funding & Tenders Portal","0","0","0","2025-10-04T05:25:57.084Z","EUBA-EFSA-2025-BIOHAW-04-02-Lot2"
"EUBA-EFSA-2025-BIOHAW-04-03-Lot3","Risk Assessment in Western Eu","45532249","","","","","https://ec.europa.eu/info/funding-tenders/opportunities/portal/screen/opportunities/topic-details/EUBA-EFSA-2025-BIOHAW-04-03-Lot3","EUBA-EFSA-2025-BIOHAW-04","","","","","","","","","","","","","EU Funding & Tenders Portal","0","0","0","2025-10-04T05:25:57.084Z","EUBA-EFSA-2025-BIOHAW-04-03-Lot3"
"EUBA-EFSA-2025-BIOHAW-04-01-Lot1","Risk Assessments in Northern Eu","45532249","","","","","https://ec.europa.eu/info/funding-tenders/opportunities/portal/screen/opportunities/topic-details/EUBA-EFSA-2025-BIOHAW-04-01-Lot1","EUBA-EFSA-2025-BIOHAW-04","","","","","","","","","","","","","EU Funding & Tenders Portal","0","0","0","2025-10-04T05:25:57.084Z","EUBA-EFSA-2025-BIOHAW-04-01-Lot1"
"PPPA-2025-DISINFORMATION-YOUNG","Building a trustworthy social media sphere: countering disinformation on social media  for young Europeans","43637601","","","","","https://ec.europa.eu/info/funding-tenders/opportunities/portal/screen/opportunities/topic-details/PPPA-2025-DISINFORMATION-YOUNG","PPPA-2025-DISINFORMATION","","","","","","","","","","","","","EU Funding & Tenders Portal","0","0","0","2025-10-04T05:25:57.084Z","PPPA-2025-DISINFORMATION-YOUNG"
"CREA-MEDIA-2026-VODNET","European VOD networks and operators","43251814","","","","","https://ec.europa.eu/info/funding-tenders/opportunities/portal/screen/opportunities/topic-details/CREA-MEDIA-2026-VODNET","CREA-MEDIA-2026-VODNET","","","","","","","","","","","","","EU Funding & Tenders Portal","0","0","0","2025-10-04T05:25:57.084Z","CREA-MEDIA-2026-VODNET"
"CREA-MEDIA-2026-MARKETNET","Markets and Networking","43251814","","","","","https://ec.europa.eu/info/funding-tenders/opportunities/portal/screen/opportunities/topic-details/CREA-MEDIA-2026-MARKETNET","CREA-MEDIA-2026-MARKETNET","","","","","","","","","","","","","EU Funding & Tenders Portal","0","0","0","2025-10-04T05:25:57.084Z","CREA-MEDIA-2026-MARKETNET"
"CREA-MEDIA-2026-DEVSLATE","European slate development","43251814","","","","","https://ec.europa.eu/info/funding-tenders/opportunities/portal/screen/opportunities/topic-details/CREA-MEDIA-2026-DEVSLATE","CREA-MEDIA-2026-DEVSLATE","","","","","","","","","","","","","EU Funding & Tenders Portal","0","0","0","2025-10-04T05:25:57.084Z","CREA-MEDIA-2026-DEVSLATE"
"CREA-MEDIA-2026-TVONLINE-1","TV and online content Animation projects","43251814","","","","","https://ec.europa.eu/info/funding-tenders/opportunities/portal/screen/opportunities/topic-details/CREA-MEDIA-2026-TVONLINE-1","CREA-MEDIA-2026-TVONLINE","","","","","","","","","","","","","EU Funding & Tenders Portal","0","0","0","2025-10-04T05:25:57.084Z","CREA-MEDIA-2026-TVONLINE-1"
"CREA-MEDIA-2026-DEVVGIM","Video games and immersive content development","43251814","","","","","https://ec.europa.eu/info/funding-tenders/opportunities/portal/screen/opportunities/topic-details/CREA-MEDIA-2026-DEVVGIM","CREA-MEDIA-2026-DEVVGIM","","","","","","","","","","","","","EU Funding & Tenders Portal","0","0","0","2025-10-04T05:25:57.084Z","CREA-MEDIA-2026-DEVVGIM"
"CREA-MEDIA-2026-CODEV","European co-development","43251814","","","","","https://ec.europa.eu/info/funding-tenders/opportunities/portal/screen/opportunities/topic-details/CREA-MEDIA-2026-CODEV","CREA-MEDIA-2026-CODEV","","","","","","","","","","","","","EU Funding & Tenders Portal","0","0","0","2025-10-04T05:25:57.084Z","CREA-MEDIA-2026-CODEV"
"CREA-MEDIA-2026-TVONLINE-2","TV and online content Documentary projects","43251814","","","","","https://ec.europa.eu/info/funding-tenders/opportunities/portal/screen/opportunities/topic-details/CREA-MEDIA-2026-TVONLINE-2","CREA-MEDIA-2026-TVONLINE","","","","","","","","","","","","","EU Funding & Tenders Portal","0","0","0","2025-10-04T05:25:57.084Z","CREA-MEDIA-2026-TVONLINE-2"
"CREA-MEDIA-2026-TVONLINE-3","TV and online content Fiction projects","43251814","","","","","https://ec.europa.eu/info/funding-tenders/opportunities/portal/screen/opportunities/topic-details/CREA-MEDIA-2026-TVONLINE-3","CREA-MEDIA-2026-TVONLINE","","","","","","","","","","","","","EU Funding & Tenders Portal","0","0","0","2025-10-04T05:25:57.084Z","CREA-MEDIA-2026-TVONLINE-3"
"CREA-MEDIA-2026-INNOVBUSMOD","Innovative tools and business models","43251814","","","","","https://ec.europa.eu/info/funding-tenders/opportunities/portal/screen/opportunities/topic-details/CREA-MEDIA-2026-INNOVBUSMOD","CREA-MEDIA-2026-INNOVBUSMOD","","","","","","","","","","","","","EU Funding & Tenders Portal","0","0","0","2025-10-04T05:25:57.084Z","CREA-MEDIA-2026-INNOVBUSMOD"
"HORIZON-CL5-2026-01-D6-14","Predicting and avoiding road crashes based on Artificial Intelligence (AI) and big data","43108390","","","","","https://ec.europa.eu/info/funding-tenders/opportunities/portal/screen/opportunities/topic-details/HORIZON-CL5-2026-01-D6-14","HORIZON-CL5-2026-01","","","","","","","","","","","","","EU Funding & Tenders Portal","0","0","0","2025-10-04T05:25:57.084Z","HORIZON-CL5-2026-01-D6-14"
"HORIZON-CL5-2026-01-D6-03","Next-generation environment perception for real world CCAM operations: Error-free and secure technologies to improve energy-efficiency, cost-effectiveness, and circularity (CCAM Partnership)","43108390","","","","","https://ec.europa.eu/info/funding-tenders/opportunities/portal/screen/opportunities/topic-details/HORIZON-CL5-2026-01-D6-03","HORIZON-CL5-2026-01","","","","","","","","","","","","","EU Funding & Tenders Portal","0","0","0","2025-10-04T05:25:57.084Z","HORIZON-CL5-2026-01-D6-03"
"HORIZON-CL5-2026-01-D6-08","Accelerating freight transport and logistics digital innovation","43108390","","","","","https://ec.europa.eu/info/funding-tenders/opportunities/portal/screen/opportunities/topic-details/HORIZON-CL5-2026-01-D6-08","HORIZON-CL5-2026-01","","","","","","","","","","","","","EU Funding & Tenders Portal","0","0","0","2025-10-04T05:25:57.084Z","HORIZON-CL5-2026-01-D6-08"
"HORIZON-CL5-2026-01-D2-01","Development of sustainable and design-to-cost batteries with (energy-)efficient manufacturing processes and based on advanced and safer materials (Batt4EU Partnership)","43108390","","","","","https://ec.europa.eu/info/funding-tenders/opportunities/portal/screen/opportunities/topic-details/HORIZON-CL5-2026-01-D2-01","HORIZON-CL5-2026-01","","","","","","","","","","","","","EU Funding & Tenders Portal","0","0","0","2025-10-04T05:25:57.084Z","HORIZON-CL5-2026-01-D2-01"
"HORIZON-CL5-2026-01-D6-13","Safety of Cyclists, Pedestrians and Users of Micromobility Devices","43108390","","","","","https://ec.europa.eu/info/funding-tenders/opportunities/portal/screen/opportunities/topic-details/HORIZON-CL5-2026-01-D6-13","HORIZON-CL5-2026-01","","","","","","","","","","","","","EU Funding & Tenders Portal","0","0","0","2025-10-04T05:25:57.084Z","HORIZON-CL5-2026-01-D6-13"
"HORIZON-CL5-2026-01-D6-04","Integration of human driving behaviour in the validation of CCAM systems (CCAM Partnership)","43108390","","","","","https://ec.europa.eu/info/funding-tenders/opportunities/portal/screen/opportunities/topic-details/HORIZON-CL5-2026-01-D6-04","HORIZON-CL5-2026-01","","","","","","","","","","","","","EU Funding & Tenders Portal","0","0","0","2025-10-04T05:25:57.084Z","HORIZON-CL5-2026-01-D6-04"
"HORIZON-CL5-2026-01-D6-07","Innovative construction and maintenance, with the use of new materials and techniques, for resilient and sustainable transport infrastructure","43108390","","","","","https://ec.europa.eu/info/funding-tenders/opportunities/portal/screen/opportunities/topic-details/HORIZON-CL5-2026-01-D6-07","HORIZON-CL5-2026-01","","","","","","","","","","","","","EU Funding & Tenders Portal","0","0","0","2025-10-04T05:25:57.084Z","HORIZON-CL5-2026-01-D6-07"
"HORIZON-CL5-2026-01-D6-10","Integrating inland waterway transport in smart shipping and multimodal logistics chains","43108390","","","","","https://ec.europa.eu/info/funding-tenders/opportunities/portal/screen/opportunities/topic-details/HORIZON-CL5-2026-01-D6-10","HORIZON-CL5-2026-01","","","","","","","","","","","","","EU Funding & Tenders Portal","0","0","0","2025-10-04T05:25:57.084Z","HORIZON-CL5-2026-01-D6-10"
"HORIZON-CL5-2026-01-D6-06","Federated CCAM data exchange platform (CCAM Partnership)","43108390","","","","","https://ec.europa.eu/info/funding-tenders/opportunities/portal/screen/opportunities/topic-details/HORIZON-CL5-2026-01-D6-06","HORIZON-CL5-2026-01","","","","","","","","","","","","","EU Funding & Tenders Portal","0","0","0","2025-10-04T05:25:57.084Z","HORIZON-CL5-2026-01-D6-06"
"HORIZON-CL5-2026-01-D2-05","Accelerated multi-physical and virtual testing for battery aging, reliability, and safety evaluation (Batt4EU Partnership)","43108390","","","","","https://ec.europa.eu/info/funding-tenders/opportunities/portal/screen/opportunities/topic-details/HORIZON-CL5-2026-01-D2-05","HORIZON-CL5-2026-01","","","","","","","","","","","","","EU Funding & Tenders Portal","0","0","0","2025-10-04T05:25:57.084Z","HORIZON-CL5-2026-01-D2-05"
"HORIZON-CL5-2026-01-D5-17","Real time monitoring of regulated and non-regulated emissions from all types of vessels and other port activities in order to enforce emission limits in waterfront cities","43108390","","","","","https://ec.europa.eu/info/funding-tenders/opportunities/portal/screen/opportunities/topic-details/HORIZON-CL5-2026-01-D5-17","HORIZON-CL5-2026-01","","","","","","","","","","","","","EU Funding & Tenders Portal","0","0","0","2025-10-04T05:25:57.084Z","HORIZON-CL5-2026-01-D5-17"
"HORIZON-CL5-2026-01-D6-05","Approaches, verification and training for Edge-AI building blocks for CCAM Systems (CCAM Partnership)","43108390","","","","","https://ec.europa.eu/info/funding-tenders/opportunities/portal/screen/opportunities/topic-details/HORIZON-CL5-2026-01-D6-05","HORIZON-CL5-2026-01","","","","","","","","","","","","","EU Funding & Tenders Portal","0","0","0","2025-10-04T05:25:57.084Z","HORIZON-CL5-2026-01-D6-05"
"HORIZON-CL5-2026-01-D6-09","Reliable data and practices to measure and calculate transport emissions in multimodal transport chains","43108390","","","","","https://ec.europa.eu/info/funding-tenders/opportunities/portal/screen/opportunities/topic-details/HORIZON-CL5-2026-01-D6-09","HORIZON-CL5-2026-01","","","","","","","","","","","","","EU Funding & Tenders Portal","0","0","0","2025-10-04T05:25:57.084Z","HORIZON-CL5-2026-01-D6-09"
"HORIZON-CL5-2026-01-D6-15","Icing in the context of sustainable aviation","43108390","","","","","https://ec.europa.eu/info/funding-tenders/opportunities/portal/screen/opportunities/topic-details/HORIZON-CL5-2026-01-D6-15","HORIZON-CL5-2026-01","","","","","","","","","","","","","EU Funding & Tenders Portal","0","0","0","2025-10-04T05:25:57.084Z","HORIZON-CL5-2026-01-D6-15"
"HORIZON-CL5-2026-01-D2-09","Monitoring and Evaluation of the Societal Readiness Pilot","43108390","","","","","https://ec.europa.eu/info/funding-tenders/opportunities/portal/screen/opportunities/topic-details/HORIZON-CL5-2026-01-D2-09","HORIZON-CL5-2026-01","","","","","","","","","","","","","EU Funding & Tenders Portal","0","0","0","2025-10-04T05:25:57.084Z","HORIZON-CL5-2026-01-D2-09"
"HORIZON-CL5-2026-01-D2-04","Integrating advanced materials, cell design and manufacturing development for high-performance batteries aimed at mobility (Batt4EU Partnership)","43108390","","","","","https://ec.europa.eu/info/funding-tenders/opportunities/portal/screen/opportunities/topic-details/HORIZON-CL5-2026-01-D2-04","HORIZON-CL5-2026-01","","","","","","","","","","","","","EU Funding & Tenders Portal","0","0","0","2025-10-04T05:25:57.084Z","HORIZON-CL5-2026-01-D2-04"
"ERC-2026-COG","ERC CONSOLIDATOR GRANTS","43108390","","","","","https://ec.europa.eu/info/funding-tenders/opportunities/portal/screen/opportunities/topic-details/ERC-2026-COG","ERC-2026-COG","","","","","","","","","","","","","EU Funding & Tenders Portal","0","0","0","2025-10-04T05:25:57.084Z","ERC-2026-COG"
"EU4H-2026-SANTE-PJ-09","Call for proposals to contribute to the organisation of conferences and events","43332642","","","","","https://ec.europa.eu/info/funding-tenders/opportunities/portal/screen/opportunities/topic-details/EU4H-2026-SANTE-PJ-09","EU4H-2026-SANTE-PJ","","","","","","","","","","","","","EU Funding & Tenders Portal","0","0","0","2025-10-04T05:25:57.084Z","EU4H-2026-SANTE-PJ-09"
"EU4H-2026-SANTE-PJ-04","A European flagship initiative leveraging AI and health data for cardiovascular health and related non-communicable diseases: Advancing Risk Prediction, Prevention, Treatments, Personalised Care and Rehabilitation","43332642","","","","","https://ec.europa.eu/info/funding-tenders/opportunities/portal/screen/opportunities/topic-details/EU4H-2026-SANTE-PJ-04","EU4H-2026-SANTE-PJ","","","","","","","","","","","","","EU Funding & Tenders Portal","0","0","0","2025-10-04T05:25:57.084Z","EU4H-2026-SANTE-PJ-04"
"EU4H-2026-SANTE-PJ-02","Call for proposals to pilot and implement cancer screening programmes for lung cancer","43332642","","","","","https://ec.europa.eu/info/funding-tenders/opportunities/portal/screen/opportunities/topic-details/EU4H-2026-SANTE-PJ-02","EU4H-2026-SANTE-PJ","","","","","","","","","","","","","EU Funding & Tenders Portal","0","0","0","2025-10-04T05:25:57.084Z","EU4H-2026-SANTE-PJ-02"
"EU4H-2026-SANTE-PJ-08","Call for proposals for health data for biotech innovation leveraging the European Health Data Space","43332642","","","","","https://ec.europa.eu/info/funding-tenders/opportunities/portal/screen/opportunities/topic-details/EU4H-2026-SANTE-PJ-08","EU4H-2026-SANTE-PJ","","","","","","","","","","","","","EU Funding & Tenders Portal","0","0","0","2025-10-04T05:25:57.084Z","EU4H-2026-SANTE-PJ-08"
"EU4H-2026-SANTE-PJ-03","Call for proposals to pilot and implement cancer screening programmes for prostate cancer","43332642","","","","","https://ec.europa.eu/info/funding-tenders/opportunities/portal/screen/opportunities/topic-details/EU4H-2026-SANTE-PJ-03","EU4H-2026-SANTE-PJ","","","","","","","","","","","","","EU Funding & Tenders Portal","0","0","0","2025-10-04T05:25:57.084Z","EU4H-2026-SANTE-PJ-03"
"EU4H-2026-SANTE-PJ-06","Call for proposals to support the development of a medicine pricing, reimbursement and access tracker through the EURIPID database","43332642","","","","","https://ec.europa.eu/info/funding-tenders/opportunities/portal/screen/opportunities/topic-details/EU4H-2026-SANTE-PJ-06","EU4H-2026-SANTE-PJ","","","","","","","","","","","","","EU Funding & Tenders Portal","0","0","0","2025-10-04T05:25:57.084Z","EU4H-2026-SANTE-PJ-06"
"EU4H-2026-SANTE-PJ-01","Call for proposals to pilot and implement cancer screening programmes for gastric cancer","43332642","","","","","https://ec.europa.eu/info/funding-tenders/opportunities/portal/screen/opportunities/topic-details/EU4H-2026-SANTE-PJ-01","EU4H-2026-SANTE-PJ","","","","","","","","","","","","","EU Funding & Tenders Portal","0","0","0","2025-10-04T05:25:57.084Z","EU4H-2026-SANTE-PJ-01"
"EU4H-2026-SANTE-PJ-05","Call for proposals on lifelong prevention for a healthy life with focus on cardiovascular diseases","43332642","","","","","https://ec.europa.eu/info/funding-tenders/opportunities/portal/screen/opportunities/topic-details/EU4H-2026-SANTE-PJ-05","EU4H-2026-SANTE-PJ","","","","","","","","","","","","","EU Funding & Tenders Portal","0","0","0","2025-10-04T05:25:57.084Z","EU4H-2026-SANTE-PJ-05"
"EU4H-2026-SANTE-PJ-07","Call for proposals for a programme on orphan medical devices, in particular targeting paediatric patients","43332642","","","","","https://ec.europa.eu/info/funding-tenders/opportunities/portal/screen/opportunities/topic-details/EU4H-2026-SANTE-PJ-07","EU4H-2026-SANTE-PJ","","","","","","","","","","","","","EU Funding & Tenders Portal","0","0","0","2025-10-04T05:25:57.084Z","EU4H-2026-SANTE-PJ-07"
"HORIZON-CL5-2026-02-D3-08","Understand and minimise the environmental impacts of offshore wind energy","43108390","","","","","https://ec.europa.eu/info/funding-tenders/opportunities/portal/screen/opportunities/topic-details/HORIZON-CL5-2026-02-D3-08","HORIZON-CL5-2026-02","","","","","","","","","","","","","EU Funding & Tenders Portal","0","0","0","2025-10-04T05:25:57.084Z","HORIZON-CL5-2026-02-D3-08"
"HORIZON-CL5-2026-02-D3-19","Innovative solutions for a generative AI-powered digital spine of the EU energy system","43108390","","","","","https://ec.europa.eu/info/funding-tenders/opportunities/portal/screen/opportunities/topic-details/HORIZON-CL5-2026-02-D3-19","HORIZON-CL5-2026-02","","","","","","","","","","","","","EU Funding & Tenders Portal","0","0","0","2025-10-04T05:25:57.084Z","HORIZON-CL5-2026-02-D3-19"
"HORIZON-CL5-2026-02-D4-02","Smarter buildings as part of the energy system for increased efficiency and flexibility – Societal Readiness Pilot","43108390","","","","","https://ec.europa.eu/info/funding-tenders/opportunities/portal/screen/opportunities/topic-details/HORIZON-CL5-2026-02-D4-02","HORIZON-CL5-2026-02","","","","","","","","","","","","","EU Funding & Tenders Portal","0","0","0","2025-10-04T05:25:57.084Z","HORIZON-CL5-2026-02-D4-02"
"HORIZON-CL5-2026-02-D3-20","Innovative tools and services to manage and empower energy communities","43108390","","","","","https://ec.europa.eu/info/funding-tenders/opportunities/portal/screen/opportunities/topic-details/HORIZON-CL5-2026-02-D3-20","HORIZON-CL5-2026-02","","","","","","","","","","","","","EU Funding & Tenders Portal","0","0","0","2025-10-04T05:25:57.084Z","HORIZON-CL5-2026-02-D3-20"
"HORIZON-CL5-2026-02-D3-01","Large-scale production of liquid advanced biofuels and renewable fuels of non-biological origin","43108390","","","","","https://ec.europa.eu/info/funding-tenders/opportunities/portal/screen/opportunities/topic-details/HORIZON-CL5-2026-02-D3-01","HORIZON-CL5-2026-02","","","","","","","","","","","","","EU Funding & Tenders Portal","0","0","0","2025-10-04T05:25:57.084Z","HORIZON-CL5-2026-02-D3-01"
"HORIZON-CL5-2026-02-D3-02","Competitiveness, energy security and integration aspects of advanced biofuels and renewable fuels of non-biological origin value chains","43108390","","","","","https://ec.europa.eu/info/funding-tenders/opportunities/portal/screen/opportunities/topic-details/HORIZON-CL5-2026-02-D3-02","HORIZON-CL5-2026-02","","","","","","","","","","","","","EU Funding & Tenders Portal","0","0","0","2025-10-04T05:25:57.084Z","HORIZON-CL5-2026-02-D3-02"
"HORIZON-CL5-2026-02-D3-22","Underground Thermal Energy Storage in dense urban areas","43108390","","","","","https://ec.europa.eu/info/funding-tenders/opportunities/portal/screen/opportunities/topic-details/HORIZON-CL5-2026-02-D3-22","HORIZON-CL5-2026-02","","","","","","","","","","","","","EU Funding & Tenders Portal","0","0","0","2025-10-04T05:25:57.084Z","HORIZON-CL5-2026-02-D3-22"
"HORIZON-CL5-2026-02-D3-05","Demonstration of thermal energy storage solutions for solar thermal plants and systems","43108390","","","","","https://ec.europa.eu/info/funding-tenders/opportunities/portal/screen/opportunities/topic-details/HORIZON-CL5-2026-02-D3-05","HORIZON-CL5-2026-02","","","","","","","","","","","","","EU Funding & Tenders Portal","0","0","0","2025-10-04T05:25:57.084Z","HORIZON-CL5-2026-02-D3-05"
"HORIZON-CL5-2026-02-D3-18","Next generation distribution substation for increasing the system resilience","43108390","","","","","https://ec.europa.eu/info/funding-tenders/opportunities/portal/screen/opportunities/topic-details/HORIZON-CL5-2026-02-D3-18","HORIZON-CL5-2026-02","","","","","","","","","","","","","EU Funding & Tenders Portal","0","0","0","2025-10-04T05:25:57.084Z","HORIZON-CL5-2026-02-D3-18"
"HORIZON-CL5-2026-02-D4-06","Phase out fossil fuel in energy intensive industries through the efficient integration of renewable energy sources","43108390","","","","","https://ec.europa.eu/info/funding-tenders/opportunities/portal/screen/opportunities/topic-details/HORIZON-CL5-2026-02-D4-06","HORIZON-CL5-2026-02","","","","","","","","","","","","","EU Funding & Tenders Portal","0","0","0","2025-10-04T05:25:57.084Z","HORIZON-CL5-2026-02-D4-06"
"HORIZON-CL5-2026-02-D4-05","Optimal combination of low embodied carbon construction products, technical building systems and circularity principles for climate neutral buildings (Built4People Partnership)","43108390","","","","","https://ec.europa.eu/info/funding-tenders/opportunities/portal/screen/opportunities/topic-details/HORIZON-CL5-2026-02-D4-05","HORIZON-CL5-2026-02","","","","","","","","","","","","","EU Funding & Tenders Portal","0","0","0","2025-10-04T05:25:57.084Z","HORIZON-CL5-2026-02-D4-05"
"HORIZON-CL5-2026-02-D3-14","Development of innovative solutions strengthening the security of renewable energy value chains","43108390","","","","","https://ec.europa.eu/info/funding-tenders/opportunities/portal/screen/opportunities/topic-details/HORIZON-CL5-2026-02-D3-14","HORIZON-CL5-2026-02","","","","","","","","","","","","","EU Funding & Tenders Portal","0","0","0","2025-10-04T05:25:57.084Z","HORIZON-CL5-2026-02-D3-14"
"HORIZON-CL5-2026-02-D4-03","Innovative pathways for low carbon and climate resilient building stock and built environment (Built4People Partnership)","43108390","","","","","https://ec.europa.eu/info/funding-tenders/opportunities/portal/screen/opportunities/topic-details/HORIZON-CL5-2026-02-D4-03","HORIZON-CL5-2026-02","","","","","","","","","","","","","EU Funding & Tenders Portal","0","0","0","2025-10-04T05:25:57.084Z","HORIZON-CL5-2026-02-D4-03"
"HORIZON-CL5-2026-02-D3-07","Improved reliability and optimised operations and maintenance for wind energy systems","43108390","","","","","https://ec.europa.eu/info/funding-tenders/opportunities/portal/screen/opportunities/topic-details/HORIZON-CL5-2026-02-D3-07","HORIZON-CL5-2026-02","","","","","","","","","","","","","EU Funding & Tenders Portal","0","0","0","2025-10-04T05:25:57.084Z","HORIZON-CL5-2026-02-D3-07"
"HORIZON-CL5-2026-02-D4-01","On-site innovative robotic and automated solutions and techniques for more sustainable and less disruptive building renovation and construction","43108390","","","","","https://ec.europa.eu/info/funding-tenders/opportunities/portal/screen/opportunities/topic-details/HORIZON-CL5-2026-02-D4-01","HORIZON-CL5-2026-02","","","","","","","","","","","","","EU Funding & Tenders Portal","0","0","0","2025-10-04T05:25:57.084Z","HORIZON-CL5-2026-02-D4-01"
"HORIZON-CL5-2026-02-D3-12","Extending the lifetime of crystalline silicon PV modules (EUPI-PV Partnership)","43108390","","","","","https://ec.europa.eu/info/funding-tenders/opportunities/portal/screen/opportunities/topic-details/HORIZON-CL5-2026-02-D3-12","HORIZON-CL5-2026-02","","","","","","","","","","","","","EU Funding & Tenders Portal","0","0","0","2025-10-04T05:25:57.084Z","HORIZON-CL5-2026-02-D3-12"
"HORIZON-CL5-2026-02-D3-13","De-risking wave energy technology development through transnational pre-commercial procurement of wave energy research and development","43108390","","","","","https://ec.europa.eu/info/funding-tenders/opportunities/portal/screen/opportunities/topic-details/HORIZON-CL5-2026-02-D3-13","HORIZON-CL5-2026-02","","","","","","","","","","","","","EU Funding & Tenders Portal","0","0","0","2025-10-04T05:25:57.084Z","HORIZON-CL5-2026-02-D3-13"
"HORIZON-CL5-2026-02-D4-04","Innovative approaches for the deployment of Positive Energy Districts","43108390","","","","","https://ec.europa.eu/info/funding-tenders/opportunities/portal/screen/opportunities/topic-details/HORIZON-CL5-2026-02-D4-04","HORIZON-CL5-2026-02","","","","","","","","","","","","","EU Funding & Tenders Portal","0","0","0","2025-10-04T05:25:57.084Z","HORIZON-CL5-2026-02-D4-04"
"HORIZON-CL5-2026-02-D3-24","New CO2 capture technologies","43108390","","","","","https://ec.europa.eu/info/funding-tenders/opportunities/portal/screen/opportunities/topic-details/HORIZON-CL5-2026-02-D3-24","HORIZON-CL5-2026-02","","","","","","","","","","","","","EU Funding & Tenders Portal","0","0","0","2025-10-04T05:25:57.084Z","HORIZON-CL5-2026-02-D3-24"
"HORIZON-CL5-2026-02-D3-10","Towards commercialisation of Perovskite PV and development of dedicated manufacturing equipment (EUPI-PV Partnership)","43108390","","","","","https://ec.europa.eu/info/funding-tenders/opportunities/portal/screen/opportunities/topic-details/HORIZON-CL5-2026-02-D3-10","HORIZON-CL5-2026-02","","","","","","","","","","","","","EU Funding & Tenders Portal","0","0","0","2025-10-04T05:25:57.084Z","HORIZON-CL5-2026-02-D3-10"
"HORIZON-EIE-2026-01-CONNECT-01","European network of national competence centers for innovation procurement","43108390","","","","","https://ec.europa.eu/info/funding-tenders/opportunities/portal/screen/opportunities/topic-details/HORIZON-EIE-2026-01-CONNECT-01","HORIZON-EIE-2026-01","","","","","","","","","","","","","EU Funding & Tenders Portal","0","0","0","2025-10-04T05:25:57.084Z","HORIZON-EIE-2026-01-CONNECT-01"
"HORIZON-EIE-2026-01-CONNECT-02","Expanding Investment Ecosystems","43108390","","","","","https://ec.europa.eu/info/funding-tenders/opportunities/portal/screen/opportunities/topic-details/HORIZON-EIE-2026-01-CONNECT-02","HORIZON-EIE-2026-01","","","","","","","","","","","","","EU Funding & Tenders Portal","0","0","0","2025-10-04T05:25:57.084Z","HORIZON-EIE-2026-01-CONNECT-02"
"HORIZON-EIE-2026-01-CONNECT-03","Scaling up deep tech ecosystems","43108390","","","","","https://ec.europa.eu/info/funding-tenders/opportunities/portal/screen/opportunities/topic-details/HORIZON-EIE-2026-01-CONNECT-03","HORIZON-EIE-2026-01","","","","","","","","","","","","","EU Funding & Tenders Portal","0","0","0","2025-10-04T05:25:57.084Z","HORIZON-EIE-2026-01-CONNECT-03"
"EU4H-2025-HERA-PJ-1-a","Call for proposals to support the development of innovative medical countermeasures for chemical, biological, radiological and nuclear threats (HERA) - Medicinal products","43332642","","","","","https://ec.europa.eu/info/funding-tenders/opportunities/portal/screen/opportunities/topic-details/EU4H-2025-HERA-PJ-1-a","EU4H-2025-HERA-PJ","","","","","","","","","","","","","EU Funding & Tenders Portal","0","0","0","2025-10-04T05:25:57.084Z","EU4H-2025-HERA-PJ-1-a"
"EU4H-2025-HERA-PJ-1-c","Call for proposals to support the development of innovative medical countermeasures for chemical, biological, radiological and nuclear threats (HERA) - Detection and diagnosis","43332642","","","","","https://ec.europa.eu/info/funding-tenders/opportunities/portal/screen/opportunities/topic-details/EU4H-2025-HERA-PJ-1-c","EU4H-2025-HERA-PJ","","","","","","","","","","","","","EU Funding & Tenders Portal","0","0","0","2025-10-04T05:25:57.084Z","EU4H-2025-HERA-PJ-1-c"
"EU4H-2025-HERA-PJ-2","Call for proposals for the development of new diagnostic tests for vector-borne diseases (HERA)","43332642","","","","","https://ec.europa.eu/info/funding-tenders/opportunities/portal/screen/opportunities/topic-details/EU4H-2025-HERA-PJ-2","EU4H-2025-HERA-PJ","","","","","","","","","","","","","EU Funding & Tenders Portal","0","0","0","2025-10-04T05:25:57.084Z","EU4H-2025-HERA-PJ-2"
"EU4H-2025-HERA-PJ-1-b","Call for proposals to support the development of innovative medical countermeasures for chemical, biological, radiological and nuclear threats (HERA) - Reusable respiratory personal protective equipment (PPE)","43332642","","","","","https://ec.europa.eu/info/funding-tenders/opportunities/portal/screen/opportunities/topic-details/EU4H-2025-HERA-PJ-1-b","EU4H-2025-HERA-PJ","","","","","","","","","","","","","EU Funding & Tenders Portal","0","0","0","2025-10-04T05:25:57.084Z","EU4H-2025-HERA-PJ-1-b"
"PPPA-MOVE-2025-P032404","The promotion of handicraft products and support of craftsmen ","43637601","","","","","https://ec.europa.eu/info/funding-tenders/opportunities/portal/screen/opportunities/topic-details/PPPA-MOVE-2025-P032404","PPPA-MOVE-2025-P032404","","","","","","","","","","","","","EU Funding & Tenders Portal","0","0","0","2025-10-04T05:25:57.084Z","PPPA-MOVE-2025-P032404"
"PPPA-2025-EMPOWERTD","Empowering Truck Drivers – Revolutionizing European Logistics","43637601","","","","","https://ec.europa.eu/info/funding-tenders/opportunities/portal/screen/opportunities/topic-details/PPPA-2025-EMPOWERTD","PPPA-2025-EMPOWERTD","","","","","","","","","","","","","EU Funding & Tenders Portal","0","0","0","2025-10-04T05:25:57.084Z","PPPA-2025-EMPOWERTD"
"PPPA-2025-BRIDGEFOREU","Setting up of Cross-Border Coordination Points","43637601","","","","","https://ec.europa.eu/info/funding-tenders/opportunities/portal/screen/opportunities/topic-details/PPPA-2025-BRIDGEFOREU","PPPA-2025-BRIDGEFOREU","","","","","","","","","","","","","EU Funding & Tenders Portal","0","0","0","2025-10-04T05:25:57.084Z","PPPA-2025-BRIDGEFOREU"
"HORIZON-EIC-2025-UKRAINIANTECH-01","Support for the Ukrainian tech SMEs and startups","43108390","","","","","https://ec.europa.eu/info/funding-tenders/opportunities/portal/screen/opportunities/topic-details/HORIZON-EIC-2025-UKRAINIANTECH-01","HORIZON-EIC-2025-UKRAINIANTECH-01","","","","","","","","","","","","","EU Funding & Tenders Portal","0","0","0","2025-10-04T05:25:57.084Z","HORIZON-EIC-2025-UKRAINIANTECH-01"
"DIGITAL-JU-EUROHPC-2025-NCC-01-02","Networking and coordination of national HPC Competence Centres","43152860","","","","","https://ec.europa.eu/info/funding-tenders/opportunities/portal/screen/opportunities/topic-details/DIGITAL-JU-EUROHPC-2025-NCC-01-02","DIGITAL-JU-EUROHPC-2025-NCC-01","","","","","","","","","","","","","EU Funding & Tenders Portal","0","0","0","2025-10-04T05:25:57.084Z","DIGITAL-JU-EUROHPC-2025-NCC-01-02"
"DIGITAL-JU-EUROHPC-2025-NCC-01-01","National Competence Centres for High Performance Computing","43152860","","","","","https://ec.europa.eu/info/funding-tenders/opportunities/portal/screen/opportunities/topic-details/DIGITAL-JU-EUROHPC-2025-NCC-01-01","DIGITAL-JU-EUROHPC-2025-NCC-01","","","","","","","","","","","","","EU Funding & Tenders Portal","0","0","0","2025-10-04T05:25:57.084Z","DIGITAL-JU-EUROHPC-2025-NCC-01-01"
"HORIZON-EIC-2025-PATHFINDERCHALLENGES-01-04","Waste-to-value devices - circular production of renewable fuels, chemicals and materials","43108390","","","","","https://ec.europa.eu/info/funding-tenders/opportunities/portal/screen/opportunities/topic-details/HORIZON-EIC-2025-PATHFINDERCHALLENGES-01-04","HORIZON-EIC-2025-PATHFINDERCHALLENGES-01","","","","","","","","","","","","","EU Funding & Tenders Portal","0","0","0","2025-10-04T05:25:57.084Z","HORIZON-EIC-2025-PATHFINDERCHALLENGES-01-04"
"HORIZON-EIC-2025-PATHFINDERCHALLENGES-01-03","Towards autonomous robot collectives delivering collaborative tasks in dynamic unstructured construction environments","43108390","","","","","https://ec.europa.eu/info/funding-tenders/opportunities/portal/screen/opportunities/topic-details/HORIZON-EIC-2025-PATHFINDERCHALLENGES-01-03","HORIZON-EIC-2025-PATHFINDERCHALLENGES-01","","","","","","","","","","","","","EU Funding & Tenders Portal","0","0","0","2025-10-04T05:25:57.084Z","HORIZON-EIC-2025-PATHFINDERCHALLENGES-01-03"
"HORIZON-EIC-2025-PATHFINDERCHALLENGES-01-02","Generative-AI based Agents to Revolutionize Medical Diagnosis and Treatment of Cancer","43108390","","","","","https://ec.europa.eu/info/funding-tenders/opportunities/portal/screen/opportunities/topic-details/HORIZON-EIC-2025-PATHFINDERCHALLENGES-01-02","HORIZON-EIC-2025-PATHFINDERCHALLENGES-01","","","","","","","","","","","","","EU Funding & Tenders Portal","0","0","0","2025-10-04T05:25:57.084Z","HORIZON-EIC-2025-PATHFINDERCHALLENGES-01-02"
"HORIZON-EIC-2025-PATHFINDERCHALLENGES-01-01","Biotech for Climate Resilient Crops and Plant-Based Biomanufacturing","43108390","","","","","https://ec.europa.eu/info/funding-tenders/opportunities/portal/screen/opportunities/topic-details/HORIZON-EIC-2025-PATHFINDERCHALLENGES-01-01","HORIZON-EIC-2025-PATHFINDERCHALLENGES-01","","","","","","","","","","","","","EU Funding & Tenders Portal","0","0","0","2025-10-04T05:25:57.084Z","HORIZON-EIC-2025-PATHFINDERCHALLENGES-01-01"
"CERV-2025-EQUAL-DIVERSITYMGT","Promoting diversity management and inclusion at the workplace, both in the public and private sector","43251589","","","","","https://ec.europa.eu/info/funding-tenders/opportunities/portal/screen/opportunities/topic-details/CERV-2025-EQUAL-DIVERSITYMGT","CERV-2025-EQUAL","","","","","","","","","","","","","EU Funding & Tenders Portal","0","0","0","2025-10-04T05:25:57.084Z","CERV-2025-EQUAL-DIVERSITYMGT"
"CERV-2025-EQUAL-ANTISEMITISM","Fighting against antisemitism","43251589","","","","","https://ec.europa.eu/info/funding-tenders/opportunities/portal/screen/opportunities/topic-details/CERV-2025-EQUAL-ANTISEMITISM","CERV-2025-EQUAL","","","","","","","","","","","","","EU Funding & Tenders Portal","0","0","0","2025-10-04T05:25:57.084Z","CERV-2025-EQUAL-ANTISEMITISM"
"CERV-2025-EQUAL-LGBTIQ","Fighting discrimination against LGBTIQ people and promoting LGBTIQ equality","43251589","","","","","https://ec.europa.eu/info/funding-tenders/opportunities/portal/screen/opportunities/topic-details/CERV-2025-EQUAL-LGBTIQ","CERV-2025-EQUAL","","","","","","","","","","","","","EU Funding & Tenders Portal","0","0","0","2025-10-04T05:25:57.084Z","CERV-2025-EQUAL-LGBTIQ"
"CERV-2025-EQUAL-RACI-DISC","Fighting against discrimination and racism, xenophobia and other forms of intolerance, including antigypsyism, anti-black, and anti-Asian racism","43251589","","","","","https://ec.europa.eu/info/funding-tenders/opportunities/portal/screen/opportunities/topic-details/CERV-2025-EQUAL-RACI-DISC","CERV-2025-EQUAL","","","","","","","","","","","","","EU Funding & Tenders Portal","0","0","0","2025-10-04T05:25:57.084Z","CERV-2025-EQUAL-RACI-DISC"
"CERV-2025-EQUAL-ANTIMUSLIM","Fighting against anti-Muslim hatred","43251589","","","","","https://ec.europa.eu/info/funding-tenders/opportunities/portal/screen/opportunities/topic-details/CERV-2025-EQUAL-ANTIMUSLIM","CERV-2025-EQUAL","","","","","","","","","","","","","EU Funding & Tenders Portal","0","0","0","2025-10-04T05:25:57.084Z","CERV-2025-EQUAL-ANTIMUSLIM"
"CERV-2025-EQUAL-RESTRICTED","Support to public authorities to combat racism, xenophobia, LGBTIQ-phobia and all other forms of intolerance, including intersectional discrimination","43251589","","","","","https://ec.europa.eu/info/funding-tenders/opportunities/portal/screen/opportunities/topic-details/CERV-2025-EQUAL-RESTRICTED","CERV-2025-EQUAL","","","","","","","","","","","","","EU Funding & Tenders Portal","0","0","0","2025-10-04T05:25:57.084Z","CERV-2025-EQUAL-RESTRICTED"
"DIGITAL-IRIS2-2025-QCI-03","Support standardisation for the EuroQCI (CSA)","43152860","","","","","https://ec.europa.eu/info/funding-tenders/opportunities/portal/screen/opportunities/topic-details/DIGITAL-IRIS2-2025-QCI-03","DIGITAL-IRIS2-2025-QCI","","","","","","","","","","","","","EU Funding & Tenders Portal","0","0","0","2025-10-04T05:25:57.084Z","DIGITAL-IRIS2-2025-QCI-03"
"DIGITAL-IRIS2-2025-QCI-02","Coordinate deployment for the EuroQCI (CSA)","43152860","","","","","https://ec.europa.eu/info/funding-tenders/opportunities/portal/screen/opportunities/topic-details/DIGITAL-IRIS2-2025-QCI-02","DIGITAL-IRIS2-2025-QCI","","","","","","","","","","","","","EU Funding & Tenders Portal","0","0","0","2025-10-04T05:25:57.084Z","DIGITAL-IRIS2-2025-QCI-02"
"DIGITAL-IRIS2-2025-QCI-01","Maturing of a European industrial ecosystem for security-certified terrestrial QKD technologies and systems","43152860","","","","","https://ec.europa.eu/info/funding-tenders/opportunities/portal/screen/opportunities/topic-details/DIGITAL-IRIS2-2025-QCI-01","DIGITAL-IRIS2-2025-QCI","","","","","","","","","","","","","EU Funding & Tenders Portal","0","0","0","2025-10-04T05:25:57.084Z","DIGITAL-IRIS2-2025-QCI-01"
"ERC-2026-SyG","ERC SYNERGY GRANTS","43108390","","","","","https://ec.europa.eu/info/funding-tenders/opportunities/portal/screen/opportunities/topic-details/ERC-2026-SyG","ERC-2026-SYG","","","","","","","","","","","","","EU Funding & Tenders Portal","0","0","0","2025-10-04T05:25:57.084Z","ERC-2026-SyG"
"ERC-2026-STG","ERC STARTING GRANTS","43108390","","","","","https://ec.europa.eu/info/funding-tenders/opportunities/portal/screen/opportunities/topic-details/ERC-2026-STG","ERC-2026-STG","","","","","","","","","","","","","EU Funding & Tenders Portal","0","0","0","2025-10-04T05:25:57.084Z","ERC-2026-STG"
"EUBA-EFSA-2025-IDATA-01-01-Lot1","Lot1: Improved methods for chemical and biological monitoring data collection and reporting in collaboration with AGoD and EFSA programs","45532249","","","","","https://ec.europa.eu/info/funding-tenders/opportunities/portal/screen/opportunities/topic-details/EUBA-EFSA-2025-IDATA-01-01-Lot1","EUBA-EFSA-2025-IDATA-01","","","","","","","","","","","","","EU Funding & Tenders Portal","0","0","0","2025-10-04T05:25:57.084Z","EUBA-EFSA-2025-IDATA-01-01-Lot1"
"EUBA-EFSA-2025-IDATA-01-02-Lot2","Lot2: Harmonized food consumption and food composition data collection - Support to terminology management","45532249","","","","","https://ec.europa.eu/info/funding-tenders/opportunities/portal/screen/opportunities/topic-details/EUBA-EFSA-2025-IDATA-01-02-Lot2","EUBA-EFSA-2025-IDATA-01","","","","","","","","","","","","","EU Funding & Tenders Portal","0","0","0","2025-10-04T05:25:57.084Z","EUBA-EFSA-2025-IDATA-01-02-Lot2"
"DIGITAL-JU-CHIPS-2025-SG-SSOI","DIGITAL-JU-CHIPS-2025-SG-SSOI","43152860","","","","","https://ec.europa.eu/info/funding-tenders/opportunities/portal/screen/opportunities/topic-details/DIGITAL-JU-CHIPS-2025-SG-SSOI","DIGITAL-JU-CHIPS-2025-SG-SSOI","","","","","","","","","","","","","EU Funding & Tenders Portal","0","0","0","2025-10-04T05:25:57.084Z","DIGITAL-JU-CHIPS-2025-SG-SSOI"
"HORIZON-EUROHPC-JU-2025-IHPCSS-02","Support to the International HPC Summer School","43108390","","","","","https://ec.europa.eu/info/funding-tenders/opportunities/portal/screen/opportunities/topic-details/HORIZON-EUROHPC-JU-2025-IHPCSS-02","HORIZON-EUROHPC-JU-2025-IHPCSS-02","","","","","","","","","","","","","EU Funding & Tenders Portal","0","0","0","2025-10-04T05:25:57.084Z","HORIZON-EUROHPC-JU-2025-IHPCSS-02"
"CEF-DIG-2025-PLATFORMS-WORKS","Operational digital platforms – Works","43251567","","","","","https://ec.europa.eu/info/funding-tenders/opportunities/portal/screen/opportunities/topic-details/CEF-DIG-2025-PLATFORMS-WORKS","CEF-DIG-2025-PLATFORMS","","","","","","","","","","","","","EU Funding & Tenders Portal","0","0","0","2025-10-04T05:25:57.084Z","CEF-DIG-2025-PLATFORMS-WORKS"
"HORIZON-MSCA-2025-CITIZENS-01-01","European Researchers' Night and Researchers at Schools 2026-2027","43108390","","","","","https://ec.europa.eu/info/funding-tenders/opportunities/portal/screen/opportunities/topic-details/HORIZON-MSCA-2025-CITIZENS-01-01","HORIZON-MSCA-2025-CITIZENS-01","","","","","","","","","","","","","EU Funding & Tenders Portal","0","0","0","2025-10-04T05:25:57.084Z","HORIZON-MSCA-2025-CITIZENS-01-01"
"EUBA-EFSA-2025-BIOHAW-01","Welfare monitoring: data driven risk assessment in fast and slower growing broilers (BROWARD)","45532249","","","","","https://ec.europa.eu/info/funding-tenders/opportunities/portal/screen/opportunities/topic-details/EUBA-EFSA-2025-BIOHAW-01","EUBA-EFSA-2025-BIOHAW-01","","","","","","","","","","","","","EU Funding & Tenders Portal","0","0","0","2025-10-04T05:25:57.084Z","EUBA-EFSA-2025-BIOHAW-01"
"HORIZON-JU-IHI-2025-11-05-two-stage","Establishing Ortho and Cardiology Ambulatory Surgical Centres in Europe","43108390","","","","","https://ec.europa.eu/info/funding-tenders/opportunities/portal/screen/opportunities/topic-details/HORIZON-JU-IHI-2025-11-05-two-stage","HORIZON-JU-IHI-2025-11-two-stage","","","","","","","","","","","","","EU Funding & Tenders Portal","0","0","0","2025-10-04T05:25:57.084Z","HORIZON-JU-IHI-2025-11-05-two-stage"
"HORIZON-JU-IHI-2025-11-02-two-stage","Understanding how infections foster and induce non-communicable diseases","43108390","","","","","https://ec.europa.eu/info/funding-tenders/opportunities/portal/screen/opportunities/topic-details/HORIZON-JU-IHI-2025-11-02-two-stage","HORIZON-JU-IHI-2025-11-two-stage","","","","","","","","","","","","","EU Funding & Tenders Portal","0","0","0","2025-10-04T05:25:57.084Z","HORIZON-JU-IHI-2025-11-02-two-stage"
"HORIZON-JU-IHI-2025-11-04-two-stage","Leveraging Europe's Expertise to accelerate Cell Therapy for Type 1 Diabetes","43108390","","","","","https://ec.europa.eu/info/funding-tenders/opportunities/portal/screen/opportunities/topic-details/HORIZON-JU-IHI-2025-11-04-two-stage","HORIZON-JU-IHI-2025-11-two-stage","","","","","","","","","","","","","EU Funding & Tenders Portal","0","0","0","2025-10-04T05:25:57.084Z","HORIZON-JU-IHI-2025-11-04-two-stage"
"HORIZON-JU-IHI-2025-11-03-two-stage","AI-Powered Signal Detection in Pharmacovigilance","43108390","","","","","https://ec.europa.eu/info/funding-tenders/opportunities/portal/screen/opportunities/topic-details/HORIZON-JU-IHI-2025-11-03-two-stage","HORIZON-JU-IHI-2025-11-two-stage","","","","","","","","","","","","","EU Funding & Tenders Portal","0","0","0","2025-10-04T05:25:57.084Z","HORIZON-JU-IHI-2025-11-03-two-stage"
"HORIZON-JU-IHI-2025-11-01-two-stage","Towards precision medicine: platform for transdiagnostic stratification of brain dysfunction","43108390","","","","","https://ec.europa.eu/info/funding-tenders/opportunities/portal/screen/opportunities/topic-details/HORIZON-JU-IHI-2025-11-01-two-stage","HORIZON-JU-IHI-2025-11-two-stage","","","","","","","","","","","","","EU Funding & Tenders Portal","0","0","0","2025-10-04T05:25:57.084Z","HORIZON-JU-IHI-2025-11-01-two-stage"
"HORIZON-CL3-2025-02-CS-ECCC-06","Integration of Post-Quantum Cryptography (PQC) algorithms into high-level protocols","43108390","","","","","https://ec.europa.eu/info/funding-tenders/opportunities/portal/screen/opportunities/topic-details/HORIZON-CL3-2025-02-CS-ECCC-06","HORIZON-CL3-2025-02-CS-ECCC","","","","","","","","","","","","","EU Funding & Tenders Portal","0","0","0","2025-10-04T05:25:57.084Z","HORIZON-CL3-2025-02-CS-ECCC-06"
"HORIZON-CL3-2025-02-CS-ECCC-01","Generative AI for Cybersecurity applications","43108390","","","","","https://ec.europa.eu/info/funding-tenders/opportunities/portal/screen/opportunities/topic-details/HORIZON-CL3-2025-02-CS-ECCC-01","HORIZON-CL3-2025-02-CS-ECCC","","","","","","","","","","","","","EU Funding & Tenders Portal","0","0","0","2025-10-04T05:25:57.084Z","HORIZON-CL3-2025-02-CS-ECCC-01"
"HORIZON-CL3-2025-02-CS-ECCC-04","Security evaluations of Post-Quantum Cryptography (PQC) primitives","43108390","","","","","https://ec.europa.eu/info/funding-tenders/opportunities/portal/screen/opportunities/topic-details/HORIZON-CL3-2025-02-CS-ECCC-04","HORIZON-CL3-2025-02-CS-ECCC","","","","","","","","","","","","","EU Funding & Tenders Portal","0","0","0","2025-10-04T05:25:57.084Z","HORIZON-CL3-2025-02-CS-ECCC-04"
"HORIZON-CL3-2025-02-CS-ECCC-03","Privacy Enhancing Technologies","43108390","","","","","https://ec.europa.eu/info/funding-tenders/opportunities/portal/screen/opportunities/topic-details/HORIZON-CL3-2025-02-CS-ECCC-03","HORIZON-CL3-2025-02-CS-ECCC","","","","","","","","","","","","","EU Funding & Tenders Portal","0","0","0","2025-10-04T05:25:57.084Z","HORIZON-CL3-2025-02-CS-ECCC-03"
"HORIZON-CL3-2025-02-CS-ECCC-05","Security of implementations of Post-Quantum Cryptography algorithms","43108390","","","","","https://ec.europa.eu/info/funding-tenders/opportunities/portal/screen/opportunities/topic-details/HORIZON-CL3-2025-02-CS-ECCC-05","HORIZON-CL3-2025-02-CS-ECCC","","","","","","","","","","","","","EU Funding & Tenders Portal","0","0","0","2025-10-04T05:25:57.084Z","HORIZON-CL3-2025-02-CS-ECCC-05"
"DIGITAL-ECCC-2025-DEPLOY-CYBER-08-NCC","Enhancing the NCC Network","43152860","","","","","https://ec.europa.eu/info/funding-tenders/opportunities/portal/screen/opportunities/topic-details/DIGITAL-ECCC-2025-DEPLOY-CYBER-08-NCC","DIGITAL-ECCC-2025-DEPLOY-CYBER-08","","","","","","","","","","","","","EU Funding & Tenders Portal","0","0","0","2025-10-04T05:25:57.084Z","DIGITAL-ECCC-2025-DEPLOY-CYBER-08-NCC"
"DIGITAL-ECCC-2025-DEPLOY-CYBER-08-PUBLICPQC","Transition to post-quantum Public Key Infrastructures","43152860","","","","","https://ec.europa.eu/info/funding-tenders/opportunities/portal/screen/opportunities/topic-details/DIGITAL-ECCC-2025-DEPLOY-CYBER-08-PUBLICPQC","DIGITAL-ECCC-2025-DEPLOY-CYBER-08","","","","","","","","","","","","","EU Funding & Tenders Portal","0","0","0","2025-10-04T05:25:57.084Z","DIGITAL-ECCC-2025-DEPLOY-CYBER-08-PUBLICPQC"
"DIGITAL-ECCC-2025-DEPLOY-CYBER-08-CYBERHEALTH","Dedicated action to reinforcing hospitals and healthcare providers","43152860","","","","","https://ec.europa.eu/info/funding-tenders/opportunities/portal/screen/opportunities/topic-details/DIGITAL-ECCC-2025-DEPLOY-CYBER-08-CYBERHEALTH","DIGITAL-ECCC-2025-DEPLOY-CYBER-08","","","","","","","","","","","","","EU Funding & Tenders Portal","0","0","0","2025-10-04T05:25:57.084Z","DIGITAL-ECCC-2025-DEPLOY-CYBER-08-CYBERHEALTH"
"HORIZON-CL3-2025-02-CS-ECCC-02","New advanced tools and processes for Operational Cybersecurity","43108390","","","","","https://ec.europa.eu/info/funding-tenders/opportunities/portal/screen/opportunities/topic-details/HORIZON-CL3-2025-02-CS-ECCC-02","HORIZON-CL3-2025-02-CS-ECCC","","","","","","","","","","","","","EU Funding & Tenders Portal","0","0","0","2025-10-04T05:25:57.084Z","HORIZON-CL3-2025-02-CS-ECCC-02"
"HORIZON-WIDERA-2025-02-ACCESS-01","EIC pre-accelerator - Widening","43108390","","","","","https://ec.europa.eu/info/funding-tenders/opportunities/portal/screen/opportunities/topic-details/HORIZON-WIDERA-2025-02-ACCESS-01","HORIZON-WIDERA-2025-02","","","","","","","","","","","","","EU Funding & Tenders Portal","0","0","0","2025-10-04T05:25:57.084Z","HORIZON-WIDERA-2025-02-ACCESS-01"
"HORIZON-CL3-2025-01-FCT-04","Humanitarian demining / Unexploded Ordnance Disposal (UXO) of civil areas and unexploded ordnance risk education","43108390","","","","","https://ec.europa.eu/info/funding-tenders/opportunities/portal/screen/opportunities/topic-details/HORIZON-CL3-2025-01-FCT-04","HORIZON-CL3-2025-01","","","","","","","","","","","","","EU Funding & Tenders Portal","0","0","0","2025-10-04T05:25:57.084Z","HORIZON-CL3-2025-01-FCT-04"
"HORIZON-CL3-2025-01-SSRI-04","Accelerating uptake through open proposals for advanced SME innovation","43108390","","","","","https://ec.europa.eu/info/funding-tenders/opportunities/portal/screen/opportunities/topic-details/HORIZON-CL3-2025-01-SSRI-04","HORIZON-CL3-2025-01","","","","","","","","","","","","","EU Funding & Tenders Portal","0","0","0","2025-10-04T05:25:57.084Z","HORIZON-CL3-2025-01-SSRI-04"
"HORIZON-CL3-2025-01-DRS-04","Advancing autonomous systems and robotics for high-risk disaster response, strengthening disaster resilience in conflict-afflicted crisis zones","43108390","","","","","https://ec.europa.eu/info/funding-tenders/opportunities/portal/screen/opportunities/topic-details/HORIZON-CL3-2025-01-DRS-04","HORIZON-CL3-2025-01","","","","","","","","","","","","","EU Funding & Tenders Portal","0","0","0","2025-10-04T05:25:57.084Z","HORIZON-CL3-2025-01-DRS-04"
"HORIZON-CL3-2025-01-SSRI-01","National Contact Points (NCPs) in the field of security and cybersecurity fostering the links with National Community building for Safe, Secure and Resilient Societies","43108390","","","","","https://ec.europa.eu/info/funding-tenders/opportunities/portal/screen/opportunities/topic-details/HORIZON-CL3-2025-01-SSRI-01","HORIZON-CL3-2025-01","","","","","","","","","","","","","EU Funding & Tenders Portal","0","0","0","2025-10-04T05:25:57.084Z","HORIZON-CL3-2025-01-SSRI-01"
"HORIZON-CL3-2025-01-DRS-01","Open topic on citizen and regional and/or local authorities' engagement in enhanced disaster risk awareness, including education, and preparedness","43108390","","","","","https://ec.europa.eu/info/funding-tenders/opportunities/portal/screen/opportunities/topic-details/HORIZON-CL3-2025-01-DRS-01","HORIZON-CL3-2025-01","","","","","","","","","","","","","EU Funding & Tenders Portal","0","0","0","2025-10-04T05:25:57.084Z","HORIZON-CL3-2025-01-DRS-01"
"HORIZON-CL3-2025-01-INFRA-01","Open topic for improved preparedness for, response to and recovery from large-scale disruptions of critical infrastructures","43108390","","","","","https://ec.europa.eu/info/funding-tenders/opportunities/portal/screen/opportunities/topic-details/HORIZON-CL3-2025-01-INFRA-01","HORIZON-CL3-2025-01","","","","","","","","","","","","","EU Funding & Tenders Portal","0","0","0","2025-10-04T05:25:57.084Z","HORIZON-CL3-2025-01-INFRA-01"
"HORIZON-CL3-2025-01-SSRI-05","Data repository for security research and innovation","43108390","","","","","https://ec.europa.eu/info/funding-tenders/opportunities/portal/screen/opportunities/topic-details/HORIZON-CL3-2025-01-SSRI-05","HORIZON-CL3-2025-01","","","","","","","","","","","","","EU Funding & Tenders Portal","0","0","0","2025-10-04T05:25:57.084Z","HORIZON-CL3-2025-01-SSRI-05"
"HORIZON-CL3-2025-01-DRS-02","Open topic on Improving disaster risk management and governance to ensure self-sufficiency and sustainability of operations in support of enhanced resilience","43108390","","","","","https://ec.europa.eu/info/funding-tenders/opportunities/portal/screen/opportunities/topic-details/HORIZON-CL3-2025-01-DRS-02","HORIZON-CL3-2025-01","","","","","","","","","","","","","EU Funding & Tenders Portal","0","0","0","2025-10-04T05:25:57.084Z","HORIZON-CL3-2025-01-DRS-02"
"HORIZON-CL3-2025-01-FCT-02","Open topic on prevention, detection and deterrence of various forms of crime and terrorism through an enhanced understanding of the related societal issues","43108390","","","","","https://ec.europa.eu/info/funding-tenders/opportunities/portal/screen/opportunities/topic-details/HORIZON-CL3-2025-01-FCT-02","HORIZON-CL3-2025-01","","","","","","","","","","","","","EU Funding & Tenders Portal","0","0","0","2025-10-04T05:25:57.084Z","HORIZON-CL3-2025-01-FCT-02"
"HORIZON-CL3-2025-01-INFRA-02","Open topic for role of the human factor for the resilience of critical infrastructures","43108390","","","","","https://ec.europa.eu/info/funding-tenders/opportunities/portal/screen/opportunities/topic-details/HORIZON-CL3-2025-01-INFRA-02","HORIZON-CL3-2025-01","","","","","","","","","","","","","EU Funding & Tenders Portal","0","0","0","2025-10-04T05:25:57.084Z","HORIZON-CL3-2025-01-INFRA-02"
"HORIZON-CL3-2025-01-SSRI-03","Open grounds for pre-commercial procurement of innovative security technologies","43108390","","","","","https://ec.europa.eu/info/funding-tenders/opportunities/portal/screen/opportunities/topic-details/HORIZON-CL3-2025-01-SSRI-03","HORIZON-CL3-2025-01","","","","","","","","","","","","","EU Funding & Tenders Portal","0","0","0","2025-10-04T05:25:57.084Z","HORIZON-CL3-2025-01-SSRI-03"
"HORIZON-CL3-2025-01-BM-01","Open topic on efficient border surveillance and maritime security","43108390","","","","","https://ec.europa.eu/info/funding-tenders/opportunities/portal/screen/opportunities/topic-details/HORIZON-CL3-2025-01-BM-01","HORIZON-CL3-2025-01","","","","","","","","","","","","","EU Funding & Tenders Portal","0","0","0","2025-10-04T05:25:57.084Z","HORIZON-CL3-2025-01-BM-01"
"HORIZON-CL3-2025-01-SSRI-02","Uptake Acceleration Services","43108390","","","","","https://ec.europa.eu/info/funding-tenders/opportunities/portal/screen/opportunities/topic-details/HORIZON-CL3-2025-01-SSRI-02","HORIZON-CL3-2025-01","","","","","","","","","","","","","EU Funding & Tenders Portal","0","0","0","2025-10-04T05:25:57.084Z","HORIZON-CL3-2025-01-SSRI-02"
"HORIZON-CL3-2025-01-FCT-03","Open topic on improved intelligence picture and enhanced prevention, detection and deterrence of various forms of organised crime","43108390","","","","","https://ec.europa.eu/info/funding-tenders/opportunities/portal/screen/opportunities/topic-details/HORIZON-CL3-2025-01-FCT-03","HORIZON-CL3-2025-01","","","","","","","","","","","","","EU Funding & Tenders Portal","0","0","0","2025-10-04T05:25:57.084Z","HORIZON-CL3-2025-01-FCT-03"
"HORIZON-CL3-2025-01-FCT-01","Open topic on modern information and forensic evidence analysis and on frontline policing","43108390","","","","","https://ec.europa.eu/info/funding-tenders/opportunities/portal/screen/opportunities/topic-details/HORIZON-CL3-2025-01-FCT-01","HORIZON-CL3-2025-01","","","","","","","","","","","","","EU Funding & Tenders Portal","0","0","0","2025-10-04T05:25:57.084Z","HORIZON-CL3-2025-01-FCT-01"
"HORIZON-CL3-2025-01-BM-02","Open topic on secured and facilitated crossing of external borders","43108390","","","","","https://ec.europa.eu/info/funding-tenders/opportunities/portal/screen/opportunities/topic-details/HORIZON-CL3-2025-01-BM-02","HORIZON-CL3-2025-01","","","","","","","","","","","","","EU Funding & Tenders Portal","0","0","0","2025-10-04T05:25:57.084Z","HORIZON-CL3-2025-01-BM-02"
"HORIZON-CL3-2025-01-DRS-03","Open topic on testing / validating tools, technologies and data used in cross-border prevention, preparedness and responses to climate extreme and geological events and chemical, biological or radiological emergency threats","43108390","","","","","https://ec.europa.eu/info/funding-tenders/opportunities/portal/screen/opportunities/topic-details/HORIZON-CL3-2025-01-DRS-03","HORIZON-CL3-2025-01","","","","","","","","","","","","","EU Funding & Tenders Portal","0","0","0","2025-10-04T05:25:57.084Z","HORIZON-CL3-2025-01-DRS-03"
"HORIZON-CL3-2025-01-SSRI-06","Demand-led innovation for civil security through Pre-Commercial Procurement (PCP)","43108390","","","","","https://ec.europa.eu/info/funding-tenders/opportunities/portal/screen/opportunities/topic-details/HORIZON-CL3-2025-01-SSRI-06","HORIZON-CL3-2025-01","","","","","","","","","","","","","EU Funding & Tenders Portal","0","0","0","2025-10-04T05:25:57.084Z","HORIZON-CL3-2025-01-SSRI-06"
"HORIZON-CL3-2025-01-BM-03","Open topic on better customs and supply chain security","43108390","","","","","https://ec.europa.eu/info/funding-tenders/opportunities/portal/screen/opportunities/topic-details/HORIZON-CL3-2025-01-BM-03","HORIZON-CL3-2025-01","","","","","","","","","","","","","EU Funding & Tenders Portal","0","0","0","2025-10-04T05:25:57.084Z","HORIZON-CL3-2025-01-BM-03"
"HORIZON-JU-EUROHPC-2026-COE-LH-01-03","Lighthouse Codes for HPC Applications","43108390","","","","","https://ec.europa.eu/info/funding-tenders/opportunities/portal/screen/opportunities/topic-details/HORIZON-JU-EUROHPC-2026-COE-LH-01-03","HORIZON-JU-EUROHPC-2026-COE-LH-01","","","","","","","","","","","","","EU Funding & Tenders Portal","0","0","0","2025-10-04T05:25:57.084Z","HORIZON-JU-EUROHPC-2026-COE-LH-01-03"
"HORIZON-JU-EUROHPC-2026-COE-LH-01-01","Community Centres of Excellence","43108390","","","","","https://ec.europa.eu/info/funding-tenders/opportunities/portal/screen/opportunities/topic-details/HORIZON-JU-EUROHPC-2026-COE-LH-01-01","HORIZON-JU-EUROHPC-2026-COE-LH-01","","","","","","","","","","","","","EU Funding & Tenders Portal","0","0","0","2025-10-04T05:25:57.084Z","HORIZON-JU-EUROHPC-2026-COE-LH-01-01"
"HORIZON-JU-EUROHPC-2026-COE-LH-01-02","Transversal Centres of Excellence","43108390","","","","","https://ec.europa.eu/info/funding-tenders/opportunities/portal/screen/opportunities/topic-details/HORIZON-JU-EUROHPC-2026-COE-LH-01-02","HORIZON-JU-EUROHPC-2026-COE-LH-01","","","","","","","","","","","","","EU Funding & Tenders Portal","0","0","0","2025-10-04T05:25:57.084Z","HORIZON-JU-EUROHPC-2026-COE-LH-01-02"
"EURATOM-2026-SOFT-PRIZE","SOFT Innovation Prize 2026","43298916","","","","","https://ec.europa.eu/info/funding-tenders/opportunities/portal/screen/opportunities/topic-details/EURATOM-2026-SOFT-PRIZE","EURATOM-2026-SOFT-PRIZE","","","","","","","","","","","","","EU Funding & Tenders Portal","0","0","0","2025-10-04T05:25:57.084Z","EURATOM-2026-SOFT-PRIZE"
"HORIZON-MSCA-2025-DN-01-01","MSCA Doctoral Networks 2025","43108390","","","","","https://ec.europa.eu/info/funding-tenders/opportunities/portal/screen/opportunities/topic-details/HORIZON-MSCA-2025-DN-01-01","HORIZON-MSCA-2025-DN-01","","","","","","","","","","","","","EU Funding & Tenders Portal","0","0","0","2025-10-04T05:25:57.084Z","HORIZON-MSCA-2025-DN-01-01"
"I3-2025-INV2a","Interregional Innovation Investments Strand 2a","44416173","","","","","https://ec.europa.eu/info/funding-tenders/opportunities/portal/screen/opportunities/topic-details/I3-2025-INV2a","I3-2025-INV2a","","","","","","","","","","","","","EU Funding & Tenders Portal","0","0","0","2025-10-04T05:25:57.084Z","I3-2025-INV2a"
"I3-2025-INV1","Interregional Innovation Investments Strand 1","44416173","","","","","https://ec.europa.eu/info/funding-tenders/opportunities/portal/screen/opportunities/topic-details/I3-2025-INV1","I3-2025-INV1","","","","","","","","","","","","","EU Funding & Tenders Portal","0","0","0","2025-10-04T05:25:57.084Z","I3-2025-INV1"
"HORIZON-CL2-2025-03-HERITAGE-01","Co-funded European partnership for Resilient Cultural Heritage","43108390","","","","","https://ec.europa.eu/info/funding-tenders/opportunities/portal/screen/opportunities/topic-details/HORIZON-CL2-2025-03-HERITAGE-01","HORIZON-CL2-2025-03","","","","","","","","","","","","","EU Funding & Tenders Portal","0","0","0","2025-10-04T05:25:57.084Z","HORIZON-CL2-2025-03-HERITAGE-01"
"HORIZON-WIDERA-2025-05-ACCESS-01","Implementing co-funded action plans for connected regional innovation valleys in widening countries","43108390","","","","","https://ec.europa.eu/info/funding-tenders/opportunities/portal/screen/opportunities/topic-details/HORIZON-WIDERA-2025-05-ACCESS-01","HORIZON-WIDERA-2025-05","","","","","","","","","","","","","EU Funding & Tenders Portal","0","0","0","2025-10-04T05:25:57.084Z","HORIZON-WIDERA-2025-05-ACCESS-01"
"HORIZON-EIE-2025-02-CONNECT-01","Preparatory action for setting up joint programmes among innovation ecosystems actors","43108390","","","","","https://ec.europa.eu/info/funding-tenders/opportunities/portal/screen/opportunities/topic-details/HORIZON-EIE-2025-02-CONNECT-01","HORIZON-EIE-2025-02","","","","","","","","","","","","","EU Funding & Tenders Portal","0","0","0","2025-10-04T05:25:57.084Z","HORIZON-EIE-2025-02-CONNECT-01"
"HORIZON-EIE-2025-02-CONNECT-02","Implementing co-funded action plans for connected regional innovation valleys","43108390","","","","","https://ec.europa.eu/info/funding-tenders/opportunities/portal/screen/opportunities/topic-details/HORIZON-EIE-2025-02-CONNECT-02","HORIZON-EIE-2025-02","","","","","","","","","","","","","EU Funding & Tenders Portal","0","0","0","2025-10-04T05:25:57.084Z","HORIZON-EIE-2025-02-CONNECT-02"
"PPPA-2025-LAUNCHERS-INNOVATIONS","Game-changing innovations for European launch solutions","43637601","","","","","https://ec.europa.eu/info/funding-tenders/opportunities/portal/screen/opportunities/topic-details/PPPA-2025-LAUNCHERS-INNOVATIONS","PPPA-2025-LAUNCHERS","","","","","","","","","","","","","EU Funding & Tenders Portal","0","0","0","2025-10-04T05:25:57.084Z","PPPA-2025-LAUNCHERS-INNOVATIONS"
"HORIZON-WIDERA-2025-01-ACCESS-01","European Excellence Initiative (EEI)","43108390","","","","","https://ec.europa.eu/info/funding-tenders/opportunities/portal/screen/opportunities/topic-details/HORIZON-WIDERA-2025-01-ACCESS-01","HORIZON-WIDERA-2025-01","","","","","","","","","","","","","EU Funding & Tenders Portal","0","0","0","2025-10-04T05:25:57.084Z","HORIZON-WIDERA-2025-01-ACCESS-01"
"ED-2025-PORTUGAL-FPA","Selection of partners to carry out EUROPE DIRECT activities","42810547","","","","","https://ec.europa.eu/info/funding-tenders/opportunities/portal/screen/opportunities/topic-details/ED-2025-PORTUGAL-FPA","ED-2025-PORTUGAL-FPA","","","","","","","","","","","","","EU Funding & Tenders Portal","0","0","0","2025-10-04T05:25:57.084Z","ED-2025-PORTUGAL-FPA"
"HORIZON-NEB-2025-01-PARTICIPATION-02","Fostering and maintaining the social fabric for the green transition in neighbourhoods","43108390","","","","","https://ec.europa.eu/info/funding-tenders/opportunities/portal/screen/opportunities/topic-details/HORIZON-NEB-2025-01-PARTICIPATION-02","HORIZON-NEB-2025-01","","","","","","","","","","","","","EU Funding & Tenders Portal","0","0","0","2025-10-04T05:25:57.084Z","HORIZON-NEB-2025-01-PARTICIPATION-02"
"HORIZON-NEB-2025-01-PARTICIPATION-01","The impact of common space on neighbourhood communities","43108390","","","","","https://ec.europa.eu/info/funding-tenders/opportunities/portal/screen/opportunities/topic-details/HORIZON-NEB-2025-01-PARTICIPATION-01","HORIZON-NEB-2025-01","","","","","","","","","","","","","EU Funding & Tenders Portal","0","0","0","2025-10-04T05:25:57.084Z","HORIZON-NEB-2025-01-PARTICIPATION-01"
"HORIZON-NEB-2025-01-PARTICIPATION-04","Network of neighbourhoods for innovative policies on gentrification","43108390","","","","","https://ec.europa.eu/info/funding-tenders/opportunities/portal/screen/opportunities/topic-details/HORIZON-NEB-2025-01-PARTICIPATION-04","HORIZON-NEB-2025-01","","","","","","","","","","","","","EU Funding & Tenders Portal","0","0","0","2025-10-04T05:25:57.084Z","HORIZON-NEB-2025-01-PARTICIPATION-04"
"HORIZON-NEB-2025-01-REGEN-02","Bio-fabricated materials for sustainable and beautiful construction","43108390","","","","","https://ec.europa.eu/info/funding-tenders/opportunities/portal/screen/opportunities/topic-details/HORIZON-NEB-2025-01-REGEN-02","HORIZON-NEB-2025-01","","","","","","","","","","","","","EU Funding & Tenders Portal","0","0","0","2025-10-04T05:25:57.084Z","HORIZON-NEB-2025-01-REGEN-02"
"HORIZON-NEB-2025-01-REGEN-01","Applying regenerative design to the built environment in neighbourhoods","43108390","","","","","https://ec.europa.eu/info/funding-tenders/opportunities/portal/screen/opportunities/topic-details/HORIZON-NEB-2025-01-REGEN-01","HORIZON-NEB-2025-01","","","","","","","","","","","","","EU Funding & Tenders Portal","0","0","0","2025-10-04T05:25:57.084Z","HORIZON-NEB-2025-01-REGEN-01"
"HORIZON-NEB-2025-01-PARTICIPATION-03","Beautiful, sustainable and inclusive street furniture for the transformation of neighbourhoods","43108390","","","","","https://ec.europa.eu/info/funding-tenders/opportunities/portal/screen/opportunities/topic-details/HORIZON-NEB-2025-01-PARTICIPATION-03","HORIZON-NEB-2025-01","","","","","","","","","","","","","EU Funding & Tenders Portal","0","0","0","2025-10-04T05:25:57.084Z","HORIZON-NEB-2025-01-PARTICIPATION-03"
"HORIZON-MISS-2026-04-PCP-CIT-01","Boosting the transformation towards climate-neutral cities, the net-zero economy and open strategic autonomy through Pre-Commercial Procurement (PCP)","43108390","","","","","https://ec.europa.eu/info/funding-tenders/opportunities/portal/screen/opportunities/topic-details/HORIZON-MISS-2026-04-PCP-CIT-01","HORIZON-MISS-2026-04-PCP","","","","","","","","","","","","","EU Funding & Tenders Portal","0","0","0","2025-10-04T05:25:57.084Z","HORIZON-MISS-2026-04-PCP-CIT-01"
"HORIZON-NEB-2025-01-REGEN-03","Sufficiency measures in the built environment","43108390","","","","","https://ec.europa.eu/info/funding-tenders/opportunities/portal/screen/opportunities/topic-details/HORIZON-NEB-2025-01-REGEN-03","HORIZON-NEB-2025-01","","","","","","","","","","","","","EU Funding & Tenders Portal","0","0","0","2025-10-04T05:25:57.084Z","HORIZON-NEB-2025-01-REGEN-03"
"HORIZON-NEB-2025-01-BUSINESS-01","Renovating the built environment through design for adaptability and disassembly.","43108390","","","","","https://ec.europa.eu/info/funding-tenders/opportunities/portal/screen/opportunities/topic-details/HORIZON-NEB-2025-01-BUSINESS-01","HORIZON-NEB-2025-01","","","","","","","","","","","","","EU Funding & Tenders Portal","0","0","0","2025-10-04T05:25:57.084Z","HORIZON-NEB-2025-01-BUSINESS-01"
"HORIZON-NEB-2025-01-BUSINESS-02","Bottom-up social entrepreneurship for the co-creation of neighbourhoods in line with the New European Bauhaus","43108390","","","","","https://ec.europa.eu/info/funding-tenders/opportunities/portal/screen/opportunities/topic-details/HORIZON-NEB-2025-01-BUSINESS-02","HORIZON-NEB-2025-01","","","","","","","","","","","","","EU Funding & Tenders Portal","0","0","0","2025-10-04T05:25:57.084Z","HORIZON-NEB-2025-01-BUSINESS-02"
"HORIZON-NEB-2025-01-BUSINESS-03","Reverse local construction supply chains for the beautiful re-assembly of reclaimed construction products","43108390","","","","","https://ec.europa.eu/info/funding-tenders/opportunities/portal/screen/opportunities/topic-details/HORIZON-NEB-2025-01-BUSINESS-03","HORIZON-NEB-2025-01","","","","","","","","","","","","","EU Funding & Tenders Portal","0","0","0","2025-10-04T05:25:57.084Z","HORIZON-NEB-2025-01-BUSINESS-03"
"HORIZON-NEB-2025-01-REGEN-04","Innovative approaches for sustainable, inclusive and beautiful social and affordable housing","43108390","","","","","https://ec.europa.eu/info/funding-tenders/opportunities/portal/screen/opportunities/topic-details/HORIZON-NEB-2025-01-REGEN-04","HORIZON-NEB-2025-01","","","","","","","","","","","","","EU Funding & Tenders Portal","0","0","0","2025-10-04T05:25:57.084Z","HORIZON-NEB-2025-01-REGEN-04"
"HORIZON-MISS-2025-01-CLIMA-01","Supporting regions and local authorities in assessing climate risks","43108390","","","","","https://ec.europa.eu/info/funding-tenders/opportunities/portal/screen/opportunities/topic-details/HORIZON-MISS-2025-01-CLIMA-01","HORIZON-MISS-2025-01","","","","","","","","","","","","","EU Funding & Tenders Portal","0","0","0","2025-10-04T05:25:57.084Z","HORIZON-MISS-2025-01-CLIMA-01"
"HORIZON-MISS-2025-01-CLIMA-06","Pre-commercial procurement of breakthrough solutions for climate proofing of public buildings","43108390","","","","","https://ec.europa.eu/info/funding-tenders/opportunities/portal/screen/opportunities/topic-details/HORIZON-MISS-2025-01-CLIMA-06","HORIZON-MISS-2025-01","","","","","","","","","","","","","EU Funding & Tenders Portal","0","0","0","2025-10-04T05:25:57.084Z","HORIZON-MISS-2025-01-CLIMA-06"
"HORIZON-MISS-2025-01-CLIMA-03","Demonstrating solutions to help hotspots in coastal regions to adapt to climate change","43108390","","","","","https://ec.europa.eu/info/funding-tenders/opportunities/portal/screen/opportunities/topic-details/HORIZON-MISS-2025-01-CLIMA-03","HORIZON-MISS-2025-01","","","","","","","","","","","","","EU Funding & Tenders Portal","0","0","0","2025-10-04T05:25:57.084Z","HORIZON-MISS-2025-01-CLIMA-03"
"HORIZON-MISS-2025-01-CLIMA-05","Better understanding incentives for private sector financing of adaptation solutions","43108390","","","","","https://ec.europa.eu/info/funding-tenders/opportunities/portal/screen/opportunities/topic-details/HORIZON-MISS-2025-01-CLIMA-05","HORIZON-MISS-2025-01","","","","","","","","","","","","","EU Funding & Tenders Portal","0","0","0","2025-10-04T05:25:57.084Z","HORIZON-MISS-2025-01-CLIMA-05"
"HORIZON-MISS-2025-01-CLIMA-02","Supporting regional and local authorities in developing their Action Plans towards climate resilience","43108390","","","","","https://ec.europa.eu/info/funding-tenders/opportunities/portal/screen/opportunities/topic-details/HORIZON-MISS-2025-01-CLIMA-02","HORIZON-MISS-2025-01","","","","","","","","","","","","","EU Funding & Tenders Portal","0","0","0","2025-10-04T05:25:57.084Z","HORIZON-MISS-2025-01-CLIMA-02"
"HORIZON-MISS-2025-01-CLIMA-04","Testing and demonstrating innovative solutions to improve resilience to extreme heat, including addressing health impacts","43108390","","","","","https://ec.europa.eu/info/funding-tenders/opportunities/portal/screen/opportunities/topic-details/HORIZON-MISS-2025-01-CLIMA-04","HORIZON-MISS-2025-01","","","","","","","","","","","","","EU Funding & Tenders Portal","0","0","0","2025-10-04T05:25:57.084Z","HORIZON-MISS-2025-01-CLIMA-04"
"HORIZON-MSCA-2025-SE-01-01","MSCA Staff Exchanges 2025","43108390","","","","","https://ec.europa.eu/info/funding-tenders/opportunities/portal/screen/opportunities/topic-details/HORIZON-MSCA-2025-SE-01-01","HORIZON-MSCA-2025-SE-01","","","","","","","","","","","","","EU Funding & Tenders Portal","0","0","0","2025-10-04T05:25:57.084Z","HORIZON-MSCA-2025-SE-01-01"
"HORIZON-JU-CHIPS-2025-IA-LEAI-two-stage","Low power Edge AI Chips","43108390","","","","","https://ec.europa.eu/info/funding-tenders/opportunities/portal/screen/opportunities/topic-details/HORIZON-JU-CHIPS-2025-IA-LEAI-two-stage","HORIZON-JU-CHIPS-2025-IA-LEAI-two-stage","","","","","","","","","","","","","EU Funding & Tenders Portal","0","0","0","2025-10-04T05:25:57.084Z","HORIZON-JU-CHIPS-2025-IA-LEAI-two-stage"
"EDF-2025-LS-RA-SI-CYBER-3RAV-STEP","Risk, robustness and resilience for autonomous vehicles in military operations","44181033","","","","","https://ec.europa.eu/info/funding-tenders/opportunities/portal/screen/opportunities/topic-details/EDF-2025-LS-RA-SI-CYBER-3RAV-STEP","EDF-2025-LS-RA-SI","","","","","","","","","","","","","EU Funding & Tenders Portal","0","0","0","2025-10-04T05:25:57.084Z","EDF-2025-LS-RA-SI-CYBER-3RAV-STEP"
"EDF-2025-RA-MATCOMP-CDA-STEP","Chiplet for Defence Application","44181033","","","","","https://ec.europa.eu/info/funding-tenders/opportunities/portal/screen/opportunities/topic-details/EDF-2025-RA-MATCOMP-CDA-STEP","EDF-2025-RA","","","","","","","","","","","","","EU Funding & Tenders Portal","0","0","0","2025-10-04T05:25:57.084Z","EDF-2025-RA-MATCOMP-CDA-STEP"
"EDF-2025-RA-MCBRN-ATE","Autonomous triage and evacuation","44181033","","","","","https://ec.europa.eu/info/funding-tenders/opportunities/portal/screen/opportunities/topic-details/EDF-2025-RA-MCBRN-ATE","EDF-2025-RA","","","","","","","","","","","","","EU Funding & Tenders Portal","0","0","0","2025-10-04T05:25:57.084Z","EDF-2025-RA-MCBRN-ATE"
"EDF-2025-RA-GROUND-CBC","Technologies for counter-battery capabilities","44181033","","","","","https://ec.europa.eu/info/funding-tenders/opportunities/portal/screen/opportunities/topic-details/EDF-2025-RA-GROUND-CBC","EDF-2025-RA","","","","","","","","","","","","","EU Funding & Tenders Portal","0","0","0","2025-10-04T05:25:57.084Z","EDF-2025-RA-GROUND-CBC"
"EDF-2025-RA-SIMTRAIN-DAFAS","Multi-Disciplinary design and Analysis Framework for Aerial Systems","44181033","","","","","https://ec.europa.eu/info/funding-tenders/opportunities/portal/screen/opportunities/topic-details/EDF-2025-RA-SIMTRAIN-DAFAS","EDF-2025-RA","","","","","","","","","","","","","EU Funding & Tenders Portal","0","0","0","2025-10-04T05:25:57.084Z","EDF-2025-RA-SIMTRAIN-DAFAS"
"EDF-2025-RA-C4ISR-MIDS-STEP","Multifunctional Information Distribution System","44181033","","","","","https://ec.europa.eu/info/funding-tenders/opportunities/portal/screen/opportunities/topic-details/EDF-2025-RA-C4ISR-MIDS-STEP","EDF-2025-RA","","","","","","","","","","","","","EU Funding & Tenders Portal","0","0","0","2025-10-04T05:25:57.084Z","EDF-2025-RA-C4ISR-MIDS-STEP"
"EDF-2025-LS-RA-SI-ENERENV-NH2PS-STEP","Naval hybrid propulsion and power systems","44181033","","","","","https://ec.europa.eu/info/funding-tenders/opportunities/portal/screen/opportunities/topic-details/EDF-2025-LS-RA-SI-ENERENV-NH2PS-STEP","EDF-2025-LS-RA-SI","","","","","","","","","","","","","EU Funding & Tenders Portal","0","0","0","2025-10-04T05:25:57.084Z","EDF-2025-LS-RA-SI-ENERENV-NH2PS-STEP"
"EDF-2025-LS-RA-DIS-NT","Non-thematic research actions targeting disruptive technologies for defence","44181033","","","","","https://ec.europa.eu/info/funding-tenders/opportunities/portal/screen/opportunities/topic-details/EDF-2025-LS-RA-DIS-NT","EDF-2025-LS-RA-DIS","","","","","","","","","","","","","EU Funding & Tenders Portal","0","0","0","2025-10-04T05:25:57.084Z","EDF-2025-LS-RA-DIS-NT"
"EDF-2025-DA-SENS-IRD-STEP","Technologies for optronic detectors","44181033","","","","","https://ec.europa.eu/info/funding-tenders/opportunities/portal/screen/opportunities/topic-details/EDF-2025-DA-SENS-IRD-STEP","EDF-2025-DA","","","","","","","","","","","","","EU Funding & Tenders Portal","0","0","0","2025-10-04T05:25:57.084Z","EDF-2025-DA-SENS-IRD-STEP"
"EDF-2025-DA-SENS-MB4DR-STEP","Multiband 4D Radar","44181033","","","","","https://ec.europa.eu/info/funding-tenders/opportunities/portal/screen/opportunities/topic-details/EDF-2025-DA-SENS-MB4DR-STEP","EDF-2025-DA","","","","","","","","","","","","","EU Funding & Tenders Portal","0","0","0","2025-10-04T05:25:57.084Z","EDF-2025-DA-SENS-MB4DR-STEP"
"EDF-2025-LS-RA-SMERO-NT","Non-thematic research actions by SMEs and research organisations","44181033","","","","","https://ec.europa.eu/info/funding-tenders/opportunities/portal/screen/opportunities/topic-details/EDF-2025-LS-RA-SMERO-NT","EDF-2025-LS-RA-SMERO","","","","","","","","","","","","","EU Funding & Tenders Portal","0","0","0","2025-10-04T05:25:57.084Z","EDF-2025-LS-RA-SMERO-NT"
"EDF-2025-DA-ENERENV-APEM","Aircraft propulsion and energy management systems","44181033","","","","","https://ec.europa.eu/info/funding-tenders/opportunities/portal/screen/opportunities/topic-details/EDF-2025-DA-ENERENV-APEM","EDF-2025-DA","","","","","","","","","","","","","EU Funding & Tenders Portal","0","0","0","2025-10-04T05:25:57.084Z","EDF-2025-DA-ENERENV-APEM"
"EDF-2025-DA-SPACE-SBISR","Space-based ISR constellation","44181033","","","","","https://ec.europa.eu/info/funding-tenders/opportunities/portal/screen/opportunities/topic-details/EDF-2025-DA-SPACE-SBISR","EDF-2025-DA","","","","","","","","","","","","","EU Funding & Tenders Portal","0","0","0","2025-10-04T05:25:57.084Z","EDF-2025-DA-SPACE-SBISR"
"EDF-2025-DA-PROTMOB-SS","Full-size demonstrators for next generation soldier systems","44181033","","","","","https://ec.europa.eu/info/funding-tenders/opportunities/portal/screen/opportunities/topic-details/EDF-2025-DA-PROTMOB-SS","EDF-2025-DA","","","","","","","","","","","","","EU Funding & Tenders Portal","0","0","0","2025-10-04T05:25:57.084Z","EDF-2025-DA-PROTMOB-SS"
"EDF-2025-DA-SI-GROUND-DAMM","Drone-based affordable mass munitions","44181033","","","","","https://ec.europa.eu/info/funding-tenders/opportunities/portal/screen/opportunities/topic-details/EDF-2025-DA-SI-GROUND-DAMM","EDF-2025-DA-SI","","","","","","","","","","","","","EU Funding & Tenders Portal","0","0","0","2025-10-04T05:25:57.084Z","EDF-2025-DA-SI-GROUND-DAMM"
"EDF-2025-LS-DA-SME-NT","Non-thematic development actions by SMEs","44181033","","","","","https://ec.europa.eu/info/funding-tenders/opportunities/portal/screen/opportunities/topic-details/EDF-2025-LS-DA-SME-NT","EDF-2025-LS-DA-SME","","","","","","","","","","","","","EU Funding & Tenders Portal","0","0","0","2025-10-04T05:25:57.084Z","EDF-2025-LS-DA-SME-NT"
"EDF-2025-DA-AIR-CAC","Collaborative air combat","44181033","","","","","https://ec.europa.eu/info/funding-tenders/opportunities/portal/screen/opportunities/topic-details/EDF-2025-DA-AIR-CAC","EDF-2025-DA","","","","","","","","","","","","","EU Funding & Tenders Portal","0","0","0","2025-10-04T05:25:57.084Z","EDF-2025-DA-AIR-CAC"
"EDF-2025-DA-AIR-EPE","Enhanced pilot environment","44181033","","","","","https://ec.europa.eu/info/funding-tenders/opportunities/portal/screen/opportunities/topic-details/EDF-2025-DA-AIR-EPE","EDF-2025-DA","","","","","","","","","","","","","EU Funding & Tenders Portal","0","0","0","2025-10-04T05:25:57.084Z","EDF-2025-DA-AIR-EPE"
"EDF-2025-RA-UWW-SOASW","Stand-off anti-submarine warfare engagement","44181033","","","","","https://ec.europa.eu/info/funding-tenders/opportunities/portal/screen/opportunities/topic-details/EDF-2025-RA-UWW-SOASW","EDF-2025-RA","","","","","","","","","","","","","EU Funding & Tenders Portal","0","0","0","2025-10-04T05:25:57.084Z","EDF-2025-RA-UWW-SOASW"
"EDF-2025-LS-RA-DIS-GDET","Great-depth enabling technologies","44181033","","","","","https://ec.europa.eu/info/funding-tenders/opportunities/portal/screen/opportunities/topic-details/EDF-2025-LS-RA-DIS-GDET","EDF-2025-LS-RA-DIS","","","","","","","","","","","","","EU Funding & Tenders Portal","0","0","0","2025-10-04T05:25:57.084Z","EDF-2025-LS-RA-DIS-GDET"
"EDF-2025-RA-SIMTRAIN-LVC-STEP","Live, Virtual, Constructive training interoperability – Joint operations and service-specific solutions","44181033","","","","","https://ec.europa.eu/info/funding-tenders/opportunities/portal/screen/opportunities/topic-details/EDF-2025-RA-SIMTRAIN-LVC-STEP","EDF-2025-RA","","","","","","","","","","","","","EU Funding & Tenders Portal","0","0","0","2025-10-04T05:25:57.084Z","EDF-2025-RA-SIMTRAIN-LVC-STEP"
"EDF-2025-DA-GROUND-LCC-STEP","Land collaborative combat including air-land","44181033","","","","","https://ec.europa.eu/info/funding-tenders/opportunities/portal/screen/opportunities/topic-details/EDF-2025-DA-GROUND-LCC-STEP","EDF-2025-DA","","","","","","","","","","","","","EU Funding & Tenders Portal","0","0","0","2025-10-04T05:25:57.084Z","EDF-2025-DA-GROUND-LCC-STEP"
"EDF-2025-DA-GROUND-FM2LP","Future modular multifunctional land platforms and enabling technologies, including green technologies","44181033","","","","","https://ec.europa.eu/info/funding-tenders/opportunities/portal/screen/opportunities/topic-details/EDF-2025-DA-GROUND-FM2LP","EDF-2025-DA","","","","","","","","","","","","","EU Funding & Tenders Portal","0","0","0","2025-10-04T05:25:57.084Z","EDF-2025-DA-GROUND-FM2LP"
"EDF-2025-RA-ENERENV-PSR","Propulsion system for next generation rotorcrafts","44181033","","","","","https://ec.europa.eu/info/funding-tenders/opportunities/portal/screen/opportunities/topic-details/EDF-2025-RA-ENERENV-PSR","EDF-2025-RA","","","","","","","","","","","","","EU Funding & Tenders Portal","0","0","0","2025-10-04T05:25:57.084Z","EDF-2025-RA-ENERENV-PSR"
"EDF-2025-DA-NAVAL-DSNCC-STEP","Digital Ship and Naval Combat Cloud","44181033","","","","","https://ec.europa.eu/info/funding-tenders/opportunities/portal/screen/opportunities/topic-details/EDF-2025-DA-NAVAL-DSNCC-STEP","EDF-2025-DA","","","","","","","","","","","","","EU Funding & Tenders Portal","0","0","0","2025-10-04T05:25:57.084Z","EDF-2025-DA-NAVAL-DSNCC-STEP"
"EDF-2025-DA-UWW-AUWN-STEP","Advanced underwater networks","44181033","","","","","https://ec.europa.eu/info/funding-tenders/opportunities/portal/screen/opportunities/topic-details/EDF-2025-DA-UWW-AUWN-STEP","EDF-2025-DA","","","","","","","","","","","","","EU Funding & Tenders Portal","0","0","0","2025-10-04T05:25:57.084Z","EDF-2025-DA-UWW-AUWN-STEP"
"EDF-2025-DA-SI-SPACE-3OS","On-orbit operations and services","44181033","","","","","https://ec.europa.eu/info/funding-tenders/opportunities/portal/screen/opportunities/topic-details/EDF-2025-DA-SI-SPACE-3OS","EDF-2025-DA-SI","","","","","","","","","","","","","EU Funding & Tenders Portal","0","0","0","2025-10-04T05:25:57.084Z","EDF-2025-DA-SI-SPACE-3OS"
"EDF-2025-DA-CYBER-CDOC-STEP","Improved cyber defence operations capabilities","44181033","","","","","https://ec.europa.eu/info/funding-tenders/opportunities/portal/screen/opportunities/topic-details/EDF-2025-DA-CYBER-CDOC-STEP","EDF-2025-DA","","","","","","","","","","","","","EU Funding & Tenders Portal","0","0","0","2025-10-04T05:25:57.084Z","EDF-2025-DA-CYBER-CDOC-STEP"
"EDF-2025-LS-RA-CHALLENGE-DIGIT-HAIDO","Privacy-preserving human-AI dialogue systems – Organisation of a technological challenge","44181033","","","","","https://ec.europa.eu/info/funding-tenders/opportunities/portal/screen/opportunities/topic-details/EDF-2025-LS-RA-CHALLENGE-DIGIT-HAIDO","EDF-2025-LS-RA-CHALLENGE","","","","","","","","","","","","","EU Funding & Tenders Portal","0","0","0","2025-10-04T05:25:57.084Z","EDF-2025-LS-RA-CHALLENGE-DIGIT-HAIDO"
"EDF-2025-CSA-NFP","Support to the EDF National Focal Points (NFP) network","44181033","","","","","https://ec.europa.eu/info/funding-tenders/opportunities/portal/screen/opportunities/topic-details/EDF-2025-CSA-NFP","EDF-2025-CSA","","","","","","","","","","","","","EU Funding & Tenders Portal","0","0","0","2025-10-04T05:25:57.084Z","EDF-2025-CSA-NFP"
"EDF-2025-LS-RA-CHALLENGE-DIGIT-HAIDP-STEP","Privacy-preserving human-AI dialogue systems – Participation in a technological challenge","44181033","","","","","https://ec.europa.eu/info/funding-tenders/opportunities/portal/screen/opportunities/topic-details/EDF-2025-LS-RA-CHALLENGE-DIGIT-HAIDP-STEP","EDF-2025-LS-RA-CHALLENGE","","","","","","","","","","","","","EU Funding & Tenders Portal","0","0","0","2025-10-04T05:25:57.084Z","EDF-2025-LS-RA-CHALLENGE-DIGIT-HAIDP-STEP"
"HORIZON-EIC-2025-EICSTEP-01","EIC STEP Scale Up","43108390","","","","","https://ec.europa.eu/info/funding-tenders/opportunities/portal/screen/opportunities/topic-details/HORIZON-EIC-2025-EICSTEP-01","HORIZON-EIC-2025-EICSTEP-01","","","","","","","","","","","","","EU Funding & Tenders Portal","0","0","0","2025-10-04T05:25:57.084Z","HORIZON-EIC-2025-EICSTEP-01"
"EUBA-2024-PLANTS-04","Support for the revision of the guidance document on terrestrial ecotoxicology (SANCO/10329/2002) including the development of an approach for indirect effects","45532249","","","","","https://ec.europa.eu/info/funding-tenders/opportunities/portal/screen/opportunities/topic-details/EUBA-2024-PLANTS-04","EUBA-2024-PLANTS-04","","","","","","","","","","","","","EU Funding & Tenders Portal","0","0","0","2025-10-04T05:25:57.084Z","EUBA-2024-PLANTS-04"
"HORIZON-EIC-2025-ACCELERATOR-01","EIC Accelerator 2025 - Short application","43108390","","","","","https://ec.europa.eu/info/funding-tenders/opportunities/portal/screen/opportunities/topic-details/HORIZON-EIC-2025-ACCELERATOR-01","HORIZON-EIC-2025-ACCELERATOR-01","","","","","","","","","","","","","EU Funding & Tenders Portal","0","0","0","2025-10-04T05:25:57.084Z","HORIZON-EIC-2025-ACCELERATOR-01"
"CEF-T-2024-AFIFCOEN-COSTS","Alternative Fuels Infrastructure Facility - Co-funding Rate","43251567","","","","","https://ec.europa.eu/info/funding-tenders/opportunities/portal/screen/opportunities/topic-details/CEF-T-2024-AFIFCOEN-COSTS","CEF-T-2024-AFIFCOEN","","","","","","","","","","","","","EU Funding & Tenders Portal","0","0","0","2025-10-04T05:25:57.084Z","CEF-T-2024-AFIFCOEN-COSTS"
"CEF-T-2024-AFIFGEN-UNITS","Alternative Fuels Infrastructure Facility - Unit Contributions","43251567","","","","","https://ec.europa.eu/info/funding-tenders/opportunities/portal/screen/opportunities/topic-details/CEF-T-2024-AFIFGEN-UNITS","CEF-T-2024-AFIFGEN","","","","","","","","","","","","","EU Funding & Tenders Portal","0","0","0","2025-10-04T05:25:57.084Z","CEF-T-2024-AFIFGEN-UNITS"
"CEF-T-2024-AFIFCOEN-UNITS","Alternative Fuels Infrastructure Facility - Unit Contributions","43251567","","","","","https://ec.europa.eu/info/funding-tenders/opportunities/portal/screen/opportunities/topic-details/CEF-T-2024-AFIFCOEN-UNITS","CEF-T-2024-AFIFCOEN","","","","","","","","","","","","","EU Funding & Tenders Portal","0","0","0","2025-10-04T05:25:57.084Z","CEF-T-2024-AFIFCOEN-UNITS"
"CEF-T-2024-AFIFGEN-COSTS","Alternative Fuels Infrastructure Facility - Co-funding Rate","43251567","","","","","https://ec.europa.eu/info/funding-tenders/opportunities/portal/screen/opportunities/topic-details/CEF-T-2024-AFIFGEN-COSTS","CEF-T-2024-AFIFGEN","","","","","","","","","","","","","EU Funding & Tenders Portal","0","0","0","2025-10-04T05:25:57.084Z","CEF-T-2024-AFIFGEN-COSTS"
"ERASMUS-EDU-2022-ECHE-CERT-FP","Erasmus Charter for Higher Education","43353764","","","","","https://ec.europa.eu/info/funding-tenders/opportunities/portal/screen/opportunities/topic-details/ERASMUS-EDU-2022-ECHE-CERT-FP","ERASMUS-EDU-2022-ECHE-CERT","","","","","","","","","","","","","EU Funding & Tenders Portal","0","0","0","2025-10-04T05:25:57.084Z","ERASMUS-EDU-2022-ECHE-CERT-FP"
"ESC-HUMAID-2021-QUAL-LABEL-FP","Quality Label Humanitarian Aid - Full Procedure","43254037","","","","","https://ec.europa.eu/info/funding-tenders/opportunities/portal/screen/opportunities/topic-details/ESC-HUMAID-2021-QUAL-LABEL-FP","ESC-HUMAID-2021-QUAL-LABEL","","","","","","","","","","","","","EU Funding & Tenders Portal","0","0","0","2025-10-04T05:25:57.084Z","ESC-HUMAID-2021-QUAL-LABEL-FP"